Workbook
Name tagsum: '[1]lookup tables'!$A$51:$B$383
Name tagsum2: '[1]lookup tables'!$E$57:$F$198

Sheet Esc by age data
A1: Stuff in Yellow is Scale Ages. IF NOT AGES PRESENT FOR A ROW, leave blank. IF AT LEAST ONE SAMPLE, enter 0 for other cells.
A2: Stuff in blue is calculated, but will change when real data is added
A3: Green are CWT ages
A4: I have not added calculations for precision or to correct scale aging error
A5: Hatchery Unclipped - Use Unclipped No Petersen Tag results since Brood is collected with tangle nets off of Redds and may be more closely similar to deadpitch than application
G6: Age Samples from Scales or CWTs (only for AFC strata) | L6: Uncorrected Escapement by Age and Stratum
A7: Location | B7: Stratum | C7: AFC Status | D7: Petersen Tagged | E7: Year | F7: Stratum Estimate | G7: Age-3 | H7: Age-4 | I7: Age-5 | J7: Age-6 | K7: Raw_ESC_Age-3 | L7: Raw_ESC_Age-4 | M7: Raw_ESC_Age-5 | N7: Raw_ESC_Age-6 | O7: =K7 -> Raw_ESC_Age-3 | P7: =L7 -> Raw_ESC_Age-4 | Q7: =M7 -> Raw_ESC_Age-5 | R7: =N7 -> Raw_ESC_Age-6
A9: River | B9: Adult Males | C9: Clipped | D9: NA | E9: 2010 | F9: 0
A10: River | B10: Adult Males | C10: Unclipped | D10: Petersen Tagged | E10: 2010 | F10: 833 | G10: 1 | H10: 102 | I10: 39 | J10: 2 | K10: =+(G10/(SUM($G10:$J10)))*$F10 -> 5.7847222 | L10: =+(H10/(SUM($G10:$J10)))*$F10 -> 590.04167 | M10: =+(I10/(SUM($G10:$J10)))*$F10 -> 225.60417 | N10: =+(J10/(SUM($G10:$J10)))*$F10 -> 11.569444
A11: River | B11: Adult Males | C11: Unclipped | D11: No Petersen Tag | E11: 2010 | F11: =+F14-SUM(F9:F10) -> 2845 | G11: 1 | H11: 55 | I11: 29 | J11: 4 | K11: =+(G11/(SUM($G11:$J11)))*$F11 -> 31.966292 | L11: =+(H11/(SUM($G11:$J11)))*$F11 -> 1758.1461 | M11: =+(I11/(SUM($G11:$J11)))*$F11 -> 927.02247 | N11: =+(J11/(SUM($G11:$J11)))*$F11 -> 127.86517
A12: Hatchery | B12: Adult Males | C12: Clipped | D12: No Petersen Tag | E12: 2010 | K12: =+IF($F12=0,0,(G12/(SUM($G12:$J12)))*$F12) -> 0 | L12: =+IF($F12=0,0,(H12/(SUM($G12:$J12)))*$F12) -> 0 | M12: =+IF($F12=0,0,(I12/(SUM($G12:$J12)))*$F12) -> 0 | N12: =+IF($F12=0,0,(J12/(SUM($G12:$J12)))*$F12) -> 0
A13: Hatchery | B13: Adult Males | C13: Unclipped | D13: No Petersen Tag | E13: 2010 | K13: =+IF(G13="",(G11/(SUM($G11:$J11)))*$F13,(G13/(SUM($G13:$J13)))*$F13) -> 0 | L13: =+IF(H13="",(H11/(SUM($G11:$J11)))*$F13,(H13/(SUM($G13:$J13)))*$F13) -> 0 | M13: =+IF(I13="",(I11/(SUM($G11:$J11)))*$F13,(I13/(SUM($G13:$J13)))*$F13) -> 0 | N13: =+IF(J13="",(J11/(SUM($G11:$J11)))*$F13,(J13/(SUM($G13:$J13)))*$F13) -> 0
A14: River | B14: Adult Males | C14: both | D14: both | E14: 2010 | F14: 3678 | K14: =+SUM(K9:K11) -> 37.751014 | L14: =+SUM(L9:L11) -> 2348.1877 | M14: =+SUM(M9:M11) -> 1152.6266 | N14: =+SUM(N9:N11) -> 139.43461 | O14: =K14/$F14 -> 0.010264006 | P14: =L14/$F14 -> 0.63844147 | Q14: =M14/$F14 -> 0.31338408 | R14: =N14/$F14 -> 0.037910444
A15: River and Hatchery | B15: Adult Males | C15: both | D15: both | E15: 2010 | F15: =F14+SUM(F12:F13) -> 3678 | K15: =SUM(K9:K13) -> 37.751014 | L15: =SUM(L9:L13) -> 2348.1877 | M15: =SUM(M9:M13) -> 1152.6266 | N15: =SUM(N9:N13) -> 139.43461 | O15: =K15/$F15 -> 0.010264006 | P15: =L15/$F15 -> 0.63844147 | Q15: =M15/$F15 -> 0.31338408 | R15: =N15/$F15 -> 0.037910444
A17: River | B17: Adult Females | C17: Clipped | D17: NA | E17: 2010 | F17: 0
A18: River | B18: Adult Females | C18: Unclipped | D18: Petersen Tagged | E18: 2010 | F18: 648 | G18: 0 | H18: 69 | I18: 93 | J18: 7 | K18: =+(G18/(SUM($G18:$J18)))*$F18 -> 0 | L18: =+(H18/(SUM($G18:$J18)))*$F18 -> 264.56805 | M18: =+(I18/(SUM($G18:$J18)))*$F18 -> 356.59172 | N18: =+(J18/(SUM($G18:$J18)))*$F18 -> 26.840237
A19: River | B19: Adult Females | C19: Unclipped | D19: No Petersen Tag | E19: 2010 | F19: =+F22-SUM(F17:F18) -> 3164 | G19: 0 | H19: 54 | I19: 75 | J19: 8 | K19: =+(G19/(SUM($G19:$J19)))*$F19 -> 0 | L19: =+(H19/(SUM($G19:$J19)))*$F19 -> 1247.1241 | M19: =+(I19/(SUM($G19:$J19)))*$F19 -> 1732.1168 | N19: =+(J19/(SUM($G19:$J19)))*$F19 -> 184.75912
A20: Hatchery | B20: Adult Females | C20: Clipped | D20: No Petersen Tag | E20: 2010 | K20: =+IF($F20=0,0,(G20/(SUM($G20:$J20)))*$F20) -> 0 | L20: =+IF($F20=0,0,(H20/(SUM($G20:$J20)))*$F20) -> 0 | M20: =+IF($F20=0,0,(I20/(SUM($G20:$J20)))*$F20) -> 0 | N20: =+IF($F20=0,0,(J20/(SUM($G20:$J20)))*$F20) -> 0
A21: Hatchery | B21: Adult Females | C21: Unclipped | D21: No Petersen Tag | E21: 2010 | K21: =+IF(G21="",(G19/(SUM($G19:$J19)))*$F21,(G21/(SUM($G21:$J21)))*$F21) -> 0 | L21: =+IF(H21="",(H19/(SUM($G19:$J19)))*$F21,(H21/(SUM($G21:$J21)))*$F21) -> 0 | M21: =+IF(I21="",(I19/(SUM($G19:$J19)))*$F21,(I21/(SUM($G21:$J21)))*$F21) -> 0 | N21: =+IF(J21="",(J19/(SUM($G19:$J19)))*$F21,(J21/(SUM($G21:$J21)))*$F21) -> 0
A22: River | B22: Adult Females | C22: both | D22: both | E22: 2010 | F22: 3812 | K22: =+SUM(K17:K19) -> 0 | L22: =+SUM(L17:L19) -> 1511.6921 | M22: =+SUM(M17:M19) -> 2088.7085 | N22: =+SUM(N17:N19) -> 211.59936 | O22: =K22/$F22 -> 0 | P22: =L22/$F22 -> 0.39656142 | Q22: =M22/$F22 -> 0.54792983 | R22: =N22/$F22 -> 0.055508752
A23: River and Hatchery | B23: Adult Females | C23: both | D23: both | E23: 2010 | F23: =F22+SUM(F20:F21) -> 3812 | K23: =SUM(K17:K21) -> 0 | L23: =SUM(L17:L21) -> 1511.6921 | M23: =SUM(M17:M21) -> 2088.7085 | N23: =SUM(N17:N21) -> 211.59936 | O23: =K23/$F23 -> 0 | P23: =L23/$F23 -> 0.39656142 | Q23: =M23/$F23 -> 0.54792983 | R23: =N23/$F23 -> 0.055508752
A25: River | B25: Jacks | C25: Clipped | D25: NA | E25: 2010 | F25: 0
A26: River | B26: Jacks | C26: Unclipped | D26: Petersen Tagged | E26: 2010 | F26: 14 | G26: 0 | H26: 1 | I26: 0 | J26: 0 | K26: =+(G26/(SUM($G26:$J26)))*$F26 -> 0 | L26: =+(H26/(SUM($G26:$J26)))*$F26 -> 14 | M26: =+(I26/(SUM($G26:$J26)))*$F26 -> 0 | N26: =+(J26/(SUM($G26:$J26)))*$F26 -> 0
A27: River | B27: Jacks | C27: Unclipped | D27: No Petersen Tag | E27: 2010 | F27: =+F30-SUM(F25:F26) -> 14 | G27: 1 | H27: 1 | I27: 0 | J27: 0 | K27: =+(G27/(SUM($G27:$J27)))*$F27 -> 7 | L27: =+(H27/(SUM($G27:$J27)))*$F27 -> 7 | M27: =+(I27/(SUM($G27:$J27)))*$F27 -> 0 | N27: =+(J27/(SUM($G27:$J27)))*$F27 -> 0
A28: Hatchery | B28: Jacks | C28: Clipped | D28: No Petersen Tag | E28: 2010 | K28: =+IF($F28=0,0,(G28/(SUM($G28:$J28)))*$F28) -> 0 | L28: =+IF($F28=0,0,(H28/(SUM($G28:$J28)))*$F28) -> 0 | M28: =+IF($F28=0,0,(I28/(SUM($G28:$J28)))*$F28) -> 0 | N28: =+IF($F28=0,0,(J28/(SUM($G28:$J28)))*$F28) -> 0
A29: Hatchery | B29: Jacks | C29: Unclipped | D29: No Petersen Tag | E29: 2010 | K29: =+IF(G29="",(G27/(SUM($G27:$J27)))*$F29,(G29/(SUM($G29:$J29)))*$F29) -> 0 | L29: =+IF(H29="",(H27/(SUM($G27:$J27)))*$F29,(H29/(SUM($G29:$J29)))*$F29) -> 0 | M29: =+IF(I29="",(I27/(SUM($G27:$J27)))*$F29,(I29/(SUM($G29:$J29)))*$F29) -> 0 | N29: =+IF(J29="",(J27/(SUM($G27:$J27)))*$F29,(J29/(SUM($G29:$J29)))*$F29) -> 0
A30: River | B30: Jacks | C30: both | D30: both | E30: 2010 | F30: 28 | K30: =+SUM(K25:K27) -> 7 | L30: =+SUM(L25:L27) -> 21 | M30: =+SUM(M25:M27) -> 0 | N30: =+SUM(N25:N27) -> 0 | O30: =K30/$F30 -> 0.25 | P30: =L30/$F30 -> 0.75 | Q30: =M30/$F30 -> 0 | R30: =N30/$F30 -> 0
A31: River and Hatchery | B31: Jacks | C31: both | D31: both | E31: 2010 | F31: =F30+SUM(F28:F29) -> 28 | K31: =SUM(K25:K29) -> 7 | L31: =SUM(L25:L29) -> 21 | M31: =SUM(M25:M29) -> 0 | N31: =SUM(N25:N29) -> 0 | O31: =K31/$F31 -> 0.25 | P31: =L31/$F31 -> 0.75 | Q31: =M31/$F31 -> 0 | R31: =N31/$F31 -> 0
A33: River | B33: Adult Males | C33: Clipped | D33: NA | E33: 2011 | F33: 0 | G33: 0 | H33: 0 | I33: 0 | J33: 0
A34: River | B34: Adult Males | C34: Unclipped | D34: Petersen Tagged | E34: 2011 | F34: 265 | G34: 0 | H34: 32 | I34: 66 | J34: 1 | K34: =+(G34/(SUM($G34:$J34)))*$F34 -> 0 | L34: =+(H34/(SUM($G34:$J34)))*$F34 -> 85.656566 | M34: =+(I34/(SUM($G34:$J34)))*$F34 -> 176.66667 | N34: =+(J34/(SUM($G34:$J34)))*$F34 -> 2.6767677
A35: River | B35: Adult Males | C35: Unclipped | D35: No Petersen Tag | E35: 2011 | F35: =+F38-SUM(F33:F34) -> 3250 | G35: 0 | H35: 39 | I35: 127 | J35: 5 | K35: =+(G35/(SUM($G35:$J35)))*$F35 -> 0 | L35: =+(H35/(SUM($G35:$J35)))*$F35 -> 741.22807 | M35: =+(I35/(SUM($G35:$J35)))*$F35 -> 2413.7427 | N35: =+(J35/(SUM($G35:$J35)))*$F35 -> 95.02924
A36: Hatchery | B36: Adult Males | C36: Clipped | D36: No Petersen Tag | E36: 2011 | K36: =+IF($F36=0,0,(G36/(SUM($G36:$J36)))*$F36) -> 0 | L36: =+IF($F36=0,0,(H36/(SUM($G36:$J36)))*$F36) -> 0 | M36: =+IF($F36=0,0,(I36/(SUM($G36:$J36)))*$F36) -> 0 | N36: =+IF($F36=0,0,(J36/(SUM($G36:$J36)))*$F36) -> 0
A37: Hatchery | B37: Adult Males | C37: Unclipped | D37: No Petersen Tag | E37: 2011 | K37: =+IF(G37="",(G35/(SUM($G35:$J35)))*$F37,(G37/(SUM($G37:$J37)))*$F37) -> 0 | L37: =+IF(H37="",(H35/(SUM($G35:$J35)))*$F37,(H37/(SUM($G37:$J37)))*$F37) -> 0 | M37: =+IF(I37="",(I35/(SUM($G35:$J35)))*$F37,(I37/(SUM($G37:$J37)))*$F37) -> 0 | N37: =+IF(J37="",(J35/(SUM($G35:$J35)))*$F37,(J37/(SUM($G37:$J37)))*$F37) -> 0
A38: River | B38: Adult Males | C38: both | D38: both | E38: 2011 | F38: 3515 | K38: =+SUM(K33:K35) -> 0 | L38: =+SUM(L33:L35) -> 826.88464 | M38: =+SUM(M33:M35) -> 2590.4094 | N38: =+SUM(N33:N35) -> 97.706007 | O38: =K38/$F38 -> 0 | P38: =L38/$F38 -> 0.23524456 | Q38: =M38/$F38 -> 0.73695857 | R38: =N38/$F38 -> 0.027796873
A39: River and Hatchery | B39: Adult Males | C39: both | D39: both | E39: 2011 | F39: =F38+SUM(F36:F37) -> 3515 | K39: =SUM(K33:K37) -> 0 | L39: =SUM(L33:L37) -> 826.88464 | M39: =SUM(M33:M37) -> 2590.4094 | N39: =SUM(N33:N37) -> 97.706007 | O39: =K39/$F39 -> 0 | P39: =L39/$F39 -> 0.23524456 | Q39: =M39/$F39 -> 0.73695857 | R39: =N39/$F39 -> 0.027796873
A41: River | B41: Adult Females | C41: Clipped | D41: NA | E41: 2011 | F41: 0
A42: River | B42: Adult Females | C42: Unclipped | D42: Petersen Tagged | E42: 2011 | F42: 466 | G42: 0 | H42: 31 | I42: 158 | J42: 1 | K42: =+(G42/(SUM($G42:$J42)))*$F42 -> 0 | L42: =+(H42/(SUM($G42:$J42)))*$F42 -> 76.031579 | M42: =+(I42/(SUM($G42:$J42)))*$F42 -> 387.51579 | N42: =+(J42/(SUM($G42:$J42)))*$F42 -> 2.4526316
A43: River | B43: Adult Females | C43: Unclipped | D43: No Petersen Tag | E43: 2011 | F43: =+F46-SUM(F41:F42) -> 4415 | G43: 0 | H43: 38 | I43: 290 | J43: 6 | K43: =+(G43/(SUM($G43:$J43)))*$F43 -> 0 | L43: =+(H43/(SUM($G43:$J43)))*$F43 -> 502.30539 | M43: =+(I43/(SUM($G43:$J43)))*$F43 -> 3833.3832 | N43: =+(J43/(SUM($G43:$J43)))*$F43 -> 79.311377
A44: Hatchery | B44: Adult Females | C44: Clipped | D44: No Petersen Tag | E44: 2011 | K44: =+IF($F44=0,0,(G44/(SUM($G44:$J44)))*$F44) -> 0 | L44: =+IF($F44=0,0,(H44/(SUM($G44:$J44)))*$F44) -> 0 | M44: =+IF($F44=0,0,(I44/(SUM($G44:$J44)))*$F44) -> 0 | N44: =+IF($F44=0,0,(J44/(SUM($G44:$J44)))*$F44) -> 0
A45: Hatchery | B45: Adult Females | C45: Unclipped | D45: No Petersen Tag | E45: 2011 | K45: =+IF(G45="",(G43/(SUM($G43:$J43)))*$F45,(G45/(SUM($G45:$J45)))*$F45) -> 0 | L45: =+IF(H45="",(H43/(SUM($G43:$J43)))*$F45,(H45/(SUM($G45:$J45)))*$F45) -> 0 | M45: =+IF(I45="",(I43/(SUM($G43:$J43)))*$F45,(I45/(SUM($G45:$J45)))*$F45) -> 0 | N45: =+IF(J45="",(J43/(SUM($G43:$J43)))*$F45,(J45/(SUM($G45:$J45)))*$F45) -> 0
A46: River | B46: Adult Females | C46: both | D46: both | E46: 2011 | F46: 4881 | K46: =+SUM(K41:K43) -> 0 | L46: =+SUM(L41:L43) -> 578.33697 | M46: =+SUM(M41:M43) -> 4220.899 | N46: =+SUM(N41:N43) -> 81.764009 | O46: =K46/$F46 -> 0 | P46: =L46/$F46 -> 0.11848739 | Q46: =M46/$F46 -> 0.86476112 | R46: =N46/$F46 -> 0.016751487
A47: River and Hatchery | B47: Adult Females | C47: both | D47: both | E47: 2011 | F47: =F46+SUM(F44:F45) -> 4881 | K47: =SUM(K41:K45) -> 0 | L47: =SUM(L41:L45) -> 578.33697 | M47: =SUM(M41:M45) -> 4220.899 | N47: =SUM(N41:N45) -> 81.764009 | O47: =K47/$F47 -> 0 | P47: =L47/$F47 -> 0.11848739 | Q47: =M47/$F47 -> 0.86476112 | R47: =N47/$F47 -> 0.016751487
A49: River | B49: Jacks | C49: Clipped | D49: NA | E49: 2011 | F49: 0 | G49: 0 | H49: 0 | I49: 0 | J49: 0
A50: River | B50: Jacks | C50: Unclipped | D50: Petersen Tagged | E50: 2011 | F50: 3 | K50: =+IF(G50="",(G51/(SUM($G51:$J51)))*$F50,(G50/(SUM($G50:$J50)))*$F50) -> 3 | L50: =+IF(H50="",(H51/(SUM($G51:$J51)))*$F50,(H50/(SUM($G50:$J50)))*$F50) -> 0 | M50: =+IF(I50="",(I51/(SUM($G51:$J51)))*$F50,(I50/(SUM($G50:$J50)))*$F50) -> 0 | N50: =+IF(J50="",(J51/(SUM($G51:$J51)))*$F50,(J50/(SUM($G50:$J50)))*$F50) -> 0
A51: River | B51: Jacks | C51: Unclipped | D51: No Petersen Tag | E51: 2011 | F51: =+F54-SUM(F49:F50) -> 16 | G51: 1 | H51: 0 | I51: 0 | J51: 0 | K51: =+(G51/(SUM($G51:$J51)))*$F51 -> 16 | L51: =+(H51/(SUM($G51:$J51)))*$F51 -> 0 | M51: =+(I51/(SUM($G51:$J51)))*$F51 -> 0 | N51: =+(J51/(SUM($G51:$J51)))*$F51 -> 0
A52: Hatchery | B52: Jacks | C52: Clipped | D52: No Petersen Tag | E52: 2011 | K52: =+IF($F52=0,0,(G52/(SUM($G52:$J52)))*$F52) -> 0 | L52: =+IF($F52=0,0,(H52/(SUM($G52:$J52)))*$F52) -> 0 | M52: =+IF($F52=0,0,(I52/(SUM($G52:$J52)))*$F52) -> 0 | N52: =+IF($F52=0,0,(J52/(SUM($G52:$J52)))*$F52) -> 0
A53: Hatchery | B53: Jacks | C53: Unclipped | D53: No Petersen Tag | E53: 2011 | K53: =+IF(G53="",(G51/(SUM($G51:$J51)))*$F53,(G53/(SUM($G53:$J53)))*$F53) -> 0 | L53: =+IF(H53="",(H51/(SUM($G51:$J51)))*$F53,(H53/(SUM($G53:$J53)))*$F53) -> 0 | M53: =+IF(I53="",(I51/(SUM($G51:$J51)))*$F53,(I53/(SUM($G53:$J53)))*$F53) -> 0 | N53: =+IF(J53="",(J51/(SUM($G51:$J51)))*$F53,(J53/(SUM($G53:$J53)))*$F53) -> 0
A54: River | B54: Jacks | C54: both | D54: both | E54: 2011 | F54: 19 | K54: =+SUM(K49:K51) -> 19 | L54: =+SUM(L49:L51) -> 0 | M54: =+SUM(M49:M51) -> 0 | N54: =+SUM(N49:N51) -> 0 | O54: =K54/$F54 -> 1 | P54: =L54/$F54 -> 0 | Q54: =M54/$F54 -> 0 | R54: =N54/$F54 -> 0
A55: River and Hatchery | B55: Jacks | C55: both | D55: both | E55: 2011 | F55: =F54+SUM(F52:F53) -> 19 | K55: =SUM(K49:K53) -> 19 | L55: =SUM(L49:L53) -> 0 | M55: =SUM(M49:M53) -> 0 | N55: =SUM(N49:N53) -> 0 | O55: =K55/$F55 -> 1 | P55: =L55/$F55 -> 0 | Q55: =M55/$F55 -> 0 | R55: =N55/$F55 -> 0
A57: River | B57: Adult Males | C57: Clipped | D57: NA | E57: 2012 | F57: 0
A58: River | B58: Adult Males | C58: Unclipped | D58: Petersen Tagged | E58: 2012 | F58: 274 | G58: 4 | H58: 21 | I58: 28 | J58: 1 | K58: =+(G58/(SUM($G58:$J58)))*$F58 -> 20.296296 | L58: =+(H58/(SUM($G58:$J58)))*$F58 -> 106.55556 | M58: =+(I58/(SUM($G58:$J58)))*$F58 -> 142.07407 | N58: =+(J58/(SUM($G58:$J58)))*$F58 -> 5.0740741
A59: River | B59: Adult Males | C59: Unclipped | D59: No Petersen Tag | E59: 2012 | F59: =+F62-SUM(F57:F58) -> 1887 | G59: 5 | H59: 26 | I59: 52 | J59: 1 | K59: =+(G59/(SUM($G59:$J59)))*$F59 -> 112.32143 | L59: =+(H59/(SUM($G59:$J59)))*$F59 -> 584.07143 | M59: =+(I59/(SUM($G59:$J59)))*$F59 -> 1168.1429 | N59: =+(J59/(SUM($G59:$J59)))*$F59 -> 22.464286
A60: Hatchery | B60: Adult Males | C60: Clipped | D60: No Petersen Tag | E60: 2012 | K60: =+IF($F60=0,0,(G60/(SUM($G60:$J60)))*$F60) -> 0 | L60: =+IF($F60=0,0,(H60/(SUM($G60:$J60)))*$F60) -> 0 | M60: =+IF($F60=0,0,(I60/(SUM($G60:$J60)))*$F60) -> 0 | N60: =+IF($F60=0,0,(J60/(SUM($G60:$J60)))*$F60) -> 0
A61: Hatchery | B61: Adult Males | C61: Unclipped | D61: No Petersen Tag | E61: 2012 | K61: =+IF(G61="",(G59/(SUM($G59:$J59)))*$F61,(G61/(SUM($G61:$J61)))*$F61) -> 0 | L61: =+IF(H61="",(H59/(SUM($G59:$J59)))*$F61,(H61/(SUM($G61:$J61)))*$F61) -> 0 | M61: =+IF(I61="",(I59/(SUM($G59:$J59)))*$F61,(I61/(SUM($G61:$J61)))*$F61) -> 0 | N61: =+IF(J61="",(J59/(SUM($G59:$J59)))*$F61,(J61/(SUM($G61:$J61)))*$F61) -> 0
A62: River | B62: Adult Males | C62: both | D62: both | E62: 2012 | F62: 2161 | K62: =+SUM(K57:K59) -> 132.61772 | L62: =+SUM(L57:L59) -> 690.62698 | M62: =+SUM(M57:M59) -> 1310.2169 | N62: =+SUM(N57:N59) -> 27.53836 | O62: =K62/$F62 -> 0.061368683 | P62: =L62/$F62 -> 0.31958676 | Q62: =M62/$F62 -> 0.60630122 | R62: =N62/$F62 -> 0.012743341
A63: River and Hatchery | B63: Adult Males | C63: both | D63: both | E63: 2012 | F63: =F62+SUM(F60:F61) -> 2161 | K63: =SUM(K57:K61) -> 132.61772 | L63: =SUM(L57:L61) -> 690.62698 | M63: =SUM(M57:M61) -> 1310.2169 | N63: =SUM(N57:N61) -> 27.53836 | O63: =K63/$F63 -> 0.061368683 | P63: =L63/$F63 -> 0.31958676 | Q63: =M63/$F63 -> 0.60630122 | R63: =N63/$F63 -> 0.012743341
A65: River | B65: Adult Females | C65: Clipped | D65: NA | E65: 2012 | F65: 0
A66: River | B66: Adult Females | C66: Unclipped | D66: Petersen Tagged | E66: 2012 | F66: 396 | G66: 0 | H66: 59 | I66: 89 | J66: 3 | K66: =+(G66/(SUM($G66:$J66)))*$F66 -> 0 | L66: =+(H66/(SUM($G66:$J66)))*$F66 -> 154.72848 | M66: =+(I66/(SUM($G66:$J66)))*$F66 -> 233.40397 | N66: =+(J66/(SUM($G66:$J66)))*$F66 -> 7.8675497
A67: River | B67: Adult Females | C67: Unclipped | D67: No Petersen Tag | E67: 2012 | F67: =+F70-SUM(F65:F66) -> 1698 | G67: 1 | H67: 46 | I67: 88 | J67: 3 | K67: =+(G67/(SUM($G67:$J67)))*$F67 -> 12.304348 | L67: =+(H67/(SUM($G67:$J67)))*$F67 -> 566 | M67: =+(I67/(SUM($G67:$J67)))*$F67 -> 1082.7826 | N67: =+(J67/(SUM($G67:$J67)))*$F67 -> 36.913043
A68: Hatchery | B68: Adult Females | C68: Clipped | D68: No Petersen Tag | E68: 2012 | K68: =+IF($F68=0,0,(G68/(SUM($G68:$J68)))*$F68) -> 0 | L68: =+IF($F68=0,0,(H68/(SUM($G68:$J68)))*$F68) -> 0 | M68: =+IF($F68=0,0,(I68/(SUM($G68:$J68)))*$F68) -> 0 | N68: =+IF($F68=0,0,(J68/(SUM($G68:$J68)))*$F68) -> 0
A69: Hatchery | B69: Adult Females | C69: Unclipped | D69: No Petersen Tag | E69: 2012 | K69: =+IF(G69="",(G67/(SUM($G67:$J67)))*$F69,(G69/(SUM($G69:$J69)))*$F69) -> 0 | L69: =+IF(H69="",(H67/(SUM($G67:$J67)))*$F69,(H69/(SUM($G69:$J69)))*$F69) -> 0 | M69: =+IF(I69="",(I67/(SUM($G67:$J67)))*$F69,(I69/(SUM($G69:$J69)))*$F69) -> 0 | N69: =+IF(J69="",(J67/(SUM($G67:$J67)))*$F69,(J69/(SUM($G69:$J69)))*$F69) -> 0
A70: River | B70: Adult Females | C70: both | D70: both | E70: 2012 | F70: 2094 | K70: =+SUM(K65:K67) -> 12.304348 | L70: =+SUM(L65:L67) -> 720.72848 | M70: =+SUM(M65:M67) -> 1316.1866 | N70: =+SUM(N65:N67) -> 44.780593 | O70: =K70/$F70 -> 0.0058760018 | P70: =L70/$F70 -> 0.34418743 | Q70: =M70/$F70 -> 0.62855138 | R70: =N70/$F70 -> 0.021385193
A71: River and Hatchery | B71: Adult Females | C71: both | D71: both | E71: 2012 | F71: =F70+SUM(F68:F69) -> 2094 | K71: =SUM(K65:K69) -> 12.304348 | L71: =SUM(L65:L69) -> 720.72848 | M71: =SUM(M65:M69) -> 1316.1866 | N71: =SUM(N65:N69) -> 44.780593 | O71: =K71/$F71 -> 0.0058760018 | P71: =L71/$F71 -> 0.34418743 | Q71: =M71/$F71 -> 0.62855138 | R71: =N71/$F71 -> 0.021385193
A73: River | B73: Jacks | C73: Clipped | D73: NA | E73: 2012 | F73: 0
A74: River | B74: Jacks | C74: Unclipped | D74: Petersen Tagged | E74: 2012 | F74: 2 | K74: =+IF(G74="",(G75/(SUM($G75:$J75)))*$F74,(G74/(SUM($G74:$J74)))*$F74) -> 2 | L74: =+IF(H74="",(H75/(SUM($G75:$J75)))*$F74,(H74/(SUM($G74:$J74)))*$F74) -> 0 | M74: =+IF(I74="",(I75/(SUM($G75:$J75)))*$F74,(I74/(SUM($G74:$J74)))*$F74) -> 0 | N74: =+IF(J74="",(J75/(SUM($G75:$J75)))*$F74,(J74/(SUM($G74:$J74)))*$F74) -> 0
A75: River | B75: Jacks | C75: Unclipped | D75: No Petersen Tag | E75: 2012 | F75: =+F78-SUM(F73:F74) -> 30 | G75: 4 | H75: 0 | I75: 0 | J75: 0 | K75: =+(G75/(SUM($G75:$J75)))*$F75 -> 30 | L75: =+(H75/(SUM($G75:$J75)))*$F75 -> 0 | M75: =+(I75/(SUM($G75:$J75)))*$F75 -> 0 | N75: =+(J75/(SUM($G75:$J75)))*$F75 -> 0
A76: Hatchery | B76: Jacks | C76: Clipped | D76: No Petersen Tag | E76: 2012 | K76: =+IF($F76=0,0,(G76/(SUM($G76:$J76)))*$F76) -> 0 | L76: =+IF($F76=0,0,(H76/(SUM($G76:$J76)))*$F76) -> 0 | M76: =+IF($F76=0,0,(I76/(SUM($G76:$J76)))*$F76) -> 0 | N76: =+IF($F76=0,0,(J76/(SUM($G76:$J76)))*$F76) -> 0
A77: Hatchery | B77: Jacks | C77: Unclipped | D77: No Petersen Tag | E77: 2012 | K77: =+IF(G77="",(G75/(SUM($G75:$J75)))*$F77,(G77/(SUM($G77:$J77)))*$F77) -> 0 | L77: =+IF(H77="",(H75/(SUM($G75:$J75)))*$F77,(H77/(SUM($G77:$J77)))*$F77) -> 0 | M77: =+IF(I77="",(I75/(SUM($G75:$J75)))*$F77,(I77/(SUM($G77:$J77)))*$F77) -> 0 | N77: =+IF(J77="",(J75/(SUM($G75:$J75)))*$F77,(J77/(SUM($G77:$J77)))*$F77) -> 0
A78: River | B78: Jacks | C78: both | D78: both | E78: 2012 | F78: 32 | K78: =+SUM(K73:K75) -> 32 | L78: =+SUM(L73:L75) -> 0 | M78: =+SUM(M73:M75) -> 0 | N78: =+SUM(N73:N75) -> 0 | O78: =K78/$F78 -> 1 | P78: =L78/$F78 -> 0 | Q78: =M78/$F78 -> 0 | R78: =N78/$F78 -> 0
A79: River and Hatchery | B79: Jacks | C79: both | D79: both | E79: 2012 | F79: =F78+SUM(F76:F77) -> 32 | K79: =SUM(K73:K77) -> 32 | L79: =SUM(L73:L77) -> 0 | M79: =SUM(M73:M77) -> 0 | N79: =SUM(N73:N77) -> 0 | O79: =K79/$F79 -> 1 | P79: =L79/$F79 -> 0 | Q79: =M79/$F79 -> 0 | R79: =N79/$F79 -> 0
A81: River | B81: Adult Males | C81: Clipped | D81: NA | E81: 2013 | F81: 0
A82: River | B82: Adult Males | C82: Unclipped | D82: Petersen Tagged | E82: 2013 | F82: 367 | G82: 16 | H82: 110 | I82: 28 | J82: 0 | K82: =+(G82/(SUM($G82:$J82)))*$F82 -> 38.12987 | L82: =+(H82/(SUM($G82:$J82)))*$F82 -> 262.14286 | M82: =+(I82/(SUM($G82:$J82)))*$F82 -> 66.727273 | N82: =+(J82/(SUM($G82:$J82)))*$F82 -> 0
A83: River | B83: Adult Males | C83: Unclipped | D83: No Petersen Tag | E83: 2013 | F83: =+F86-SUM(F81:F82) -> 1771 | G83: 16 | H83: 107 | I83: 43 | J83: 1 | K83: =+(G83/(SUM($G83:$J83)))*$F83 -> 169.67665 | L83: =+(H83/(SUM($G83:$J83)))*$F83 -> 1134.7126 | M83: =+(I83/(SUM($G83:$J83)))*$F83 -> 456.00599 | N83: =+(J83/(SUM($G83:$J83)))*$F83 -> 10.60479
A84: Hatchery | B84: Adult Males | C84: Clipped | D84: No Petersen Tag | E84: 2013 | K84: =+IF($F84=0,0,(G84/(SUM($G84:$J84)))*$F84) -> 0 | L84: =+IF($F84=0,0,(H84/(SUM($G84:$J84)))*$F84) -> 0 | M84: =+IF($F84=0,0,(I84/(SUM($G84:$J84)))*$F84) -> 0 | N84: =+IF($F84=0,0,(J84/(SUM($G84:$J84)))*$F84) -> 0
A85: Hatchery | B85: Adult Males | C85: Unclipped | D85: No Petersen Tag | E85: 2013 | K85: =+IF(G85="",(G83/(SUM($G83:$J83)))*$F85,(G85/(SUM($G85:$J85)))*$F85) -> 0 | L85: =+IF(H85="",(H83/(SUM($G83:$J83)))*$F85,(H85/(SUM($G85:$J85)))*$F85) -> 0 | M85: =+IF(I85="",(I83/(SUM($G83:$J83)))*$F85,(I85/(SUM($G85:$J85)))*$F85) -> 0 | N85: =+IF(J85="",(J83/(SUM($G83:$J83)))*$F85,(J85/(SUM($G85:$J85)))*$F85) -> 0
A86: River | B86: Adult Males | C86: both | D86: both | E86: 2013 | F86: 2138 | K86: =+SUM(K81:K83) -> 207.80652 | L86: =+SUM(L81:L83) -> 1396.8554 | M86: =+SUM(M81:M83) -> 522.73326 | N86: =+SUM(N81:N83) -> 10.60479 | O86: =K86/$F86 -> 0.097196687 | P86: =L86/$F86 -> 0.65334679 | Q86: =M86/$F86 -> 0.24449638 | R86: =N86/$F86 -> 0.0049601452
A87: River and Hatchery | B87: Adult Males | C87: both | D87: both | E87: 2013 | F87: =F86+SUM(F84:F85) -> 2138 | K87: =SUM(K81:K85) -> 207.80652 | L87: =SUM(L81:L85) -> 1396.8554 | M87: =SUM(M81:M85) -> 522.73326 | N87: =SUM(N81:N85) -> 10.60479 | O87: =K87/$F87 -> 0.097196687 | P87: =L87/$F87 -> 0.65334679 | Q87: =M87/$F87 -> 0.24449638 | R87: =N87/$F87 -> 0.0049601452
A89: River | B89: Adult Females | C89: Clipped | D89: NA | E89: 2013 | F89: 0
A90: River | B90: Adult Females | C90: Unclipped | D90: Petersen Tagged | E90: 2013 | F90: 368 | G90: 4 | H90: 93 | I90: 93 | J90: 2 | K90: =+(G90/(SUM($G90:$J90)))*$F90 -> 7.6666667 | L90: =+(H90/(SUM($G90:$J90)))*$F90 -> 178.25 | M90: =+(I90/(SUM($G90:$J90)))*$F90 -> 178.25 | N90: =+(J90/(SUM($G90:$J90)))*$F90 -> 3.8333333
A91: River | B91: Adult Females | C91: Unclipped | D91: No Petersen Tag | E91: 2013 | F91: =+F94-SUM(F89:F90) -> 1725 | G91: 1 | H91: 141 | I91: 122 | J91: 4 | K91: =+(G91/(SUM($G91:$J91)))*$F91 -> 6.4365672 | L91: =+(H91/(SUM($G91:$J91)))*$F91 -> 907.55597 | M91: =+(I91/(SUM($G91:$J91)))*$F91 -> 785.26119 | N91: =+(J91/(SUM($G91:$J91)))*$F91 -> 25.746269
A92: Hatchery | B92: Adult Females | C92: Clipped | D92: No Petersen Tag | E92: 2013 | K92: =+IF($F92=0,0,(G92/(SUM($G92:$J92)))*$F92) -> 0 | L92: =+IF($F92=0,0,(H92/(SUM($G92:$J92)))*$F92) -> 0 | M92: =+IF($F92=0,0,(I92/(SUM($G92:$J92)))*$F92) -> 0 | N92: =+IF($F92=0,0,(J92/(SUM($G92:$J92)))*$F92) -> 0
A93: Hatchery | B93: Adult Females | C93: Unclipped | D93: No Petersen Tag | E93: 2013 | K93: =+IF(G93="",(G91/(SUM($G91:$J91)))*$F93,(G93/(SUM($G93:$J93)))*$F93) -> 0 | L93: =+IF(H93="",(H91/(SUM($G91:$J91)))*$F93,(H93/(SUM($G93:$J93)))*$F93) -> 0 | M93: =+IF(I93="",(I91/(SUM($G91:$J91)))*$F93,(I93/(SUM($G93:$J93)))*$F93) -> 0 | N93: =+IF(J93="",(J91/(SUM($G91:$J91)))*$F93,(J93/(SUM($G93:$J93)))*$F93) -> 0
A94: River | B94: Adult Females | C94: both | D94: both | E94: 2013 | F94: 2093 | K94: =+SUM(K89:K91) -> 14.103234 | L94: =+SUM(L89:L91) -> 1085.806 | M94: =+SUM(M89:M91) -> 963.51119 | N94: =+SUM(N89:N91) -> 29.579602 | O94: =K94/$F94 -> 0.0067382866 | P94: =L94/$F94 -> 0.51877973 | Q94: =M94/$F94 -> 0.46034935 | R94: =N94/$F94 -> 0.014132634
A95: River and Hatchery | B95: Adult Females | C95: both | D95: both | E95: 2013 | F95: =F94+SUM(F92:F93) -> 2093 | K95: =SUM(K89:K93) -> 14.103234 | L95: =SUM(L89:L93) -> 1085.806 | M95: =SUM(M89:M93) -> 963.51119 | N95: =SUM(N89:N93) -> 29.579602 | O95: =K95/$F95 -> 0.0067382866 | P95: =L95/$F95 -> 0.51877973 | Q95: =M95/$F95 -> 0.46034935 | R95: =N95/$F95 -> 0.014132634
A97: River | B97: Jacks | C97: Clipped | D97: NA | E97: 2013 | F97: 0 | G97: 0 | H97: 0 | I97: 0 | J97: 0
A98: River | B98: Jacks | C98: Unclipped | D98: Petersen Tagged | E98: 2013 | F98: 21 | G98: 3 | H98: 0 | I98: 0 | J98: 0 | K98: =+(G98/(SUM($G98:$J98)))*$F98 -> 21 | L98: =+(H98/(SUM($G98:$J98)))*$F98 -> 0 | M98: =+(I98/(SUM($G98:$J98)))*$F98 -> 0 | N98: =+(J98/(SUM($G98:$J98)))*$F98 -> 0
A99: River | B99: Jacks | C99: Unclipped | D99: No Petersen Tag | E99: 2013 | F99: =+F102-SUM(F97:F98) -> 171 | G99: 36 | H99: 3 | I99: 0 | J99: 0 | K99: =+(G99/(SUM($G99:$J99)))*$F99 -> 157.84615 | L99: =+(H99/(SUM($G99:$J99)))*$F99 -> 13.153846 | M99: =+(I99/(SUM($G99:$J99)))*$F99 -> 0 | N99: =+(J99/(SUM($G99:$J99)))*$F99 -> 0
A100: Hatchery | B100: Jacks | C100: Clipped | D100: No Petersen Tag | E100: 2013 | K100: =+IF($F100=0,0,(G100/(SUM($G100:$J100)))*$F100) -> 0 | L100: =+IF($F100=0,0,(H100/(SUM($G100:$J100)))*$F100) -> 0 | M100: =+IF($F100=0,0,(I100/(SUM($G100:$J100)))*$F100) -> 0 | N100: =+IF($F100=0,0,(J100/(SUM($G100:$J100)))*$F100) -> 0
A101: Hatchery | B101: Jacks | C101: Unclipped | D101: No Petersen Tag | E101: 2013 | K101: =+IF(G101="",(G99/(SUM($G99:$J99)))*$F101,(G101/(SUM($G101:$J101)))*$F101) -> 0 | L101: =+IF(H101="",(H99/(SUM($G99:$J99)))*$F101,(H101/(SUM($G101:$J101)))*$F101) -> 0 | M101: =+IF(I101="",(I99/(SUM($G99:$J99)))*$F101,(I101/(SUM($G101:$J101)))*$F101) -> 0 | N101: =+IF(J101="",(J99/(SUM($G99:$J99)))*$F101,(J101/(SUM($G101:$J101)))*$F101) -> 0
A102: River | B102: Jacks | C102: both | D102: both | E102: 2013 | F102: 192 | K102: =+SUM(K97:K99) -> 178.84615 | L102: =+SUM(L97:L99) -> 13.153846 | M102: =+SUM(M97:M99) -> 0 | N102: =+SUM(N97:N99) -> 0 | O102: =K102/$F102 -> 0.93149038 | P102: =L102/$F102 -> 0.068509615 | Q102: =M102/$F102 -> 0 | R102: =N102/$F102 -> 0
A103: River and Hatchery | B103: Jacks | C103: both | D103: both | E103: 2013 | F103: =F102+SUM(F100:F101) -> 192 | K103: =SUM(K97:K101) -> 178.84615 | L103: =SUM(L97:L101) -> 13.153846 | M103: =SUM(M97:M101) -> 0 | N103: =SUM(N97:N101) -> 0 | O103: =K103/$F103 -> 0.93149038 | P103: =L103/$F103 -> 0.068509615 | Q103: =M103/$F103 -> 0 | R103: =N103/$F103 -> 0
A105: River | B105: Adult Males | C105: Clipped | D105: NA | E105: 2014 | F105: 0
A106: River | B106: Adult Males | C106: Unclipped | D106: Petersen Tagged | E106: 2014 | F106: 824 | G106: 1 | H106: 49 | I106: 25 | J106: 1 | K106: =+(G106/(SUM($G106:$J106)))*$F106 -> 10.842105 | L106: =+(H106/(SUM($G106:$J106)))*$F106 -> 531.26316 | M106: =+(I106/(SUM($G106:$J106)))*$F106 -> 271.05263 | N106: =+(J106/(SUM($G106:$J106)))*$F106 -> 10.842105
A107: River | B107: Adult Males | C107: Unclipped | D107: No Petersen Tag | E107: 2014 | F107: =+F110-SUM(F105:F106) -> 6306 | G107: 0 | H107: 39 | I107: 37 | J107: 1 | K107: =+(G107/(SUM($G107:$J107)))*$F107 -> 0 | L107: =+(H107/(SUM($G107:$J107)))*$F107 -> 3193.9481 | M107: =+(I107/(SUM($G107:$J107)))*$F107 -> 3030.1558 | N107: =+(J107/(SUM($G107:$J107)))*$F107 -> 81.896104
A108: Hatchery | B108: Adult Males | C108: Clipped | D108: No Petersen Tag | E108: 2014 | F108: 0 | K108: =+IF($F108=0,0,(G108/(SUM($G108:$J108)))*$F108) -> 0 | L108: =+IF($F108=0,0,(H108/(SUM($G108:$J108)))*$F108) -> 0 | M108: =+IF($F108=0,0,(I108/(SUM($G108:$J108)))*$F108) -> 0 | N108: =+IF($F108=0,0,(J108/(SUM($G108:$J108)))*$F108) -> 0
A109: Hatchery | B109: Adult Males | C109: Unclipped | D109: No Petersen Tag | E109: 2014 | F109: 51 | K109: =+IF(G109="",(G107/(SUM($G107:$J107)))*$F109,(G109/(SUM($G109:$J109)))*$F109) -> 0 | L109: =+IF(H109="",(H107/(SUM($G107:$J107)))*$F109,(H109/(SUM($G109:$J109)))*$F109) -> 25.831169 | M109: =+IF(I109="",(I107/(SUM($G107:$J107)))*$F109,(I109/(SUM($G109:$J109)))*$F109) -> 24.506494 | N109: =+IF(J109="",(J107/(SUM($G107:$J107)))*$F109,(J109/(SUM($G109:$J109)))*$F109) -> 0.66233766
A110: River | B110: Adult Males | C110: both | D110: both | E110: 2014 | F110: 7130 | K110: =+SUM(K105:K107) -> 10.842105 | L110: =+SUM(L105:L107) -> 3725.2112 | M110: =+SUM(M105:M107) -> 3301.2085 | N110: =+SUM(N105:N107) -> 92.738209 | O110: =K110/$F110 -> 0.0015206319 | P110: =L110/$F110 -> 0.52247002 | Q110: =M110/$F110 -> 0.46300259 | R110: =N110/$F110 -> 0.013006761
A111: River and Hatchery | B111: Adult Males | C111: both | D111: both | E111: 2014 | F111: =F110+SUM(F108:F109) -> 7181 | K111: =SUM(K105:K109) -> 10.842105 | L111: =SUM(L105:L109) -> 3751.0424 | M111: =SUM(M105:M109) -> 3325.715 | N111: =SUM(N105:N109) -> 93.400547 | O111: =K111/$F111 -> 0.0015098322 | P111: =L111/$F111 -> 0.52235655 | Q111: =M111/$F111 -> 0.463127 | R111: =N111/$F111 -> 0.013006621
A113: River | B113: Adult Females | C113: Clipped | D113: NA | E113: 2014 | F113: 0
A114: River | B114: Adult Females | C114: Unclipped | D114: Petersen Tagged | E114: 2014 | F114: 793 | G114: 0 | H114: 51 | I114: 79 | J114: 0 | K114: =+(G114/(SUM($G114:$J114)))*$F114 -> 0 | L114: =+(H114/(SUM($G114:$J114)))*$F114 -> 311.1 | M114: =+(I114/(SUM($G114:$J114)))*$F114 -> 481.9 | N114: =+(J114/(SUM($G114:$J114)))*$F114 -> 0
...

Sheet Corrected Esc by age
A1: This pivot table needs to be updated each year and then the year and age needs to be entered and the formulas extended.
A2: This is where the corrections to the scale ages occur for the unmarked fish.
A3: Do a manual check of totals. Colum J total for the year should equal the combined M,F,J River&Hathcery totals (shaded blue) in Esc&Age data sheet.
B4: Column Labels | D4: year | E4: age | F4: brood year | G4: unique | H4: uncorrected | I4: Corrected_Unclipped | J4: Corrected_unclipped &clipped | K4: Clipped | L4: Uncorrected unclipped and clipped for pre-CWT years
A5: Year | B5: Clipped | C5: Unclipped | D5: year | E5: age | F5: brood year | G5: identifier | H5: unclipped fish | I5: Unclipped Fish | J5: Total | L5: Total.pre CWT
A6: 2010
A7: Sum of Raw_ESC_Age-3 | B7: 0 | C7: 44.751014 | D7: 2010 | E7: 3 | F7: =D7-E7 -> 2007 | G7: =CONCATENATE(D7,".",E7) -> 2010.3 | H7: =C7 -> 44.751014 | I7: =+VLOOKUP(G7,'Scale-CWT correction factors'!J$4:L$333,3,FALSE) -> 0 | J7: =I7+B7 -> 0 | K7: =+B7 -> 0 | L7: =H7+B7 -> 44.751014
A8: Sum of Raw_ESC_Age-4 | B8: 0 | C8: 3880.8799 | D8: 2010 | E8: 4 | F8: =D8-E8 -> 2006 | G8: =CONCATENATE(D8,".",E8) -> 2010.4 | H8: =C8 -> 3880.8799 | I8: =+VLOOKUP(G8,'Scale-CWT correction factors'!J$4:L$333,3,FALSE) -> 0 | J8: =I8+B8 -> 0 | K8: =+B8 -> 0 | L8: =H8+B8 -> 3880.8799
A9: Sum of Raw_ESC_Age-5 | B9: 0 | C9: 3241.3351 | D9: 2010 | E9: 5 | F9: =D9-E9 -> 2005 | G9: =CONCATENATE(D9,".",E9) -> 2010.5 | H9: =C9 -> 3241.3351 | I9: =+VLOOKUP(G9,'Scale-CWT correction factors'!J$4:L$333,3,FALSE) -> 0 | J9: =I9+B9 -> 0 | K9: =+B9 -> 0 | L9: =H9+B9 -> 3241.3351
A10: Sum of Raw_ESC_Age-6 | B10: 0 | C10: 351.03397 | D10: 2010 | E10: 6 | F10: =D10-E10 -> 2004 | G10: =CONCATENATE(D10,".",E10) -> 2010.6 | H10: =C10 -> 351.03397 | I10: =+VLOOKUP(G10,'Scale-CWT correction factors'!J$4:L$333,3,FALSE) -> 0 | J10: =I10+B10 -> 0 | K10: =+B10 -> 0 | L10: =H10+B10 -> 351.03397
A11: 2011
A12: Sum of Raw_ESC_Age-3 | B12: 0 | C12: 19 | D12: 2011 | E12: 3 | F12: =D12-E12 -> 2008 | G12: =CONCATENATE(D12,".",E12) -> 2011.3 | H12: =C12 -> 19 | I12: =+VLOOKUP(G12,'Scale-CWT correction factors'!J$4:L$333,3,FALSE) -> 0 | J12: =I12+B12 -> 0 | K12: =+B12 -> 0 | L12: =H12+B12 -> 19
A13: Sum of Raw_ESC_Age-4 | B13: 0 | C13: 1405.2216 | D13: 2011 | E13: 4 | F13: =D13-E13 -> 2007 | G13: =CONCATENATE(D13,".",E13) -> 2011.4 | H13: =C13 -> 1405.2216 | I13: =+VLOOKUP(G13,'Scale-CWT correction factors'!J$4:L$333,3,FALSE) -> 0 | J13: =I13+B13 -> 0 | K13: =+B13 -> 0 | L13: =H13+B13 -> 1405.2216
A14: Sum of Raw_ESC_Age-5 | B14: 0 | C14: 6811.3084 | D14: 2011 | E14: 5 | F14: =D14-E14 -> 2006 | G14: =CONCATENATE(D14,".",E14) -> 2011.5 | H14: =C14 -> 6811.3084 | I14: =+VLOOKUP(G14,'Scale-CWT correction factors'!J$4:L$333,3,FALSE) -> 0 | J14: =I14+B14 -> 0 | K14: =+B14 -> 0 | L14: =H14+B14 -> 6811.3084
A15: Sum of Raw_ESC_Age-6 | B15: 0 | C15: 179.47002 | D15: 2011 | E15: 6 | F15: =D15-E15 -> 2005 | G15: =CONCATENATE(D15,".",E15) -> 2011.6 | H15: =C15 -> 179.47002 | I15: =+VLOOKUP(G15,'Scale-CWT correction factors'!J$4:L$333,3,FALSE) -> 0 | J15: =I15+B15 -> 0 | K15: =+B15 -> 0 | L15: =H15+B15 -> 179.47002
A16: 2012
A17: Sum of Raw_ESC_Age-3 | B17: 0 | C17: 176.92207 | D17: 2012 | E17: 3 | F17: =D17-E17 -> 2009 | G17: =CONCATENATE(D17,".",E17) -> 2012.3 | H17: =C17 -> 176.92207 | I17: =+VLOOKUP(G17,'Scale-CWT correction factors'!J$4:L$333,3,FALSE) -> 0 | J17: =I17+B17 -> 0 | K17: =+B17 -> 0 | L17: =H17+B17 -> 176.92207
A18: Sum of Raw_ESC_Age-4 | B18: 0 | C18: 1411.3555 | D18: 2012 | E18: 4 | F18: =D18-E18 -> 2008 | G18: =CONCATENATE(D18,".",E18) -> 2012.4 | H18: =C18 -> 1411.3555 | I18: =+VLOOKUP(G18,'Scale-CWT correction factors'!J$4:L$333,3,FALSE) -> 0 | J18: =I18+B18 -> 0 | K18: =+B18 -> 0 | L18: =H18+B18 -> 1411.3555
A19: Sum of Raw_ESC_Age-5 | B19: 0 | C19: 2626.4035 | D19: 2012 | E19: 5 | F19: =D19-E19 -> 2007 | G19: =CONCATENATE(D19,".",E19) -> 2012.5 | H19: =C19 -> 2626.4035 | I19: =+VLOOKUP(G19,'Scale-CWT correction factors'!J$4:L$333,3,FALSE) -> 0 | J19: =I19+B19 -> 0 | K19: =+B19 -> 0 | L19: =H19+B19 -> 2626.4035
A20: Sum of Raw_ESC_Age-6 | B20: 0 | C20: 72.318953 | D20: 2012 | E20: 6 | F20: =D20-E20 -> 2006 | G20: =CONCATENATE(D20,".",E20) -> 2012.6 | H20: =C20 -> 72.318953 | I20: =+VLOOKUP(G20,'Scale-CWT correction factors'!J$4:L$333,3,FALSE) -> 0 | J20: =I20+B20 -> 0 | K20: =+B20 -> 0 | L20: =H20+B20 -> 72.318953
A21: 2013
A22: Sum of Raw_ESC_Age-3 | B22: 0 | C22: 400.7559 | D22: 2013 | E22: 3 | F22: =D22-E22 -> 2010 | G22: =CONCATENATE(D22,".",E22) -> 2013.3 | H22: =C22 -> 400.7559 | I22: =+VLOOKUP(G22,'Scale-CWT correction factors'!J$4:L$333,3,FALSE) -> 0 | J22: =I22+B22 -> 0 | K22: =+B22 -> 0 | L22: =H22+B22 -> 400.7559
A23: Sum of Raw_ESC_Age-4 | B23: 0 | C23: 2495.8152 | D23: 2013 | E23: 4 | F23: =D23-E23 -> 2009 | G23: =CONCATENATE(D23,".",E23) -> 2013.4 | H23: =C23 -> 2495.8152 | I23: =+VLOOKUP(G23,'Scale-CWT correction factors'!J$4:L$333,3,FALSE) -> 0 | J23: =I23+B23 -> 0 | K23: =+B23 -> 0 | L23: =H23+B23 -> 2495.8152
A24: Sum of Raw_ESC_Age-5 | B24: 0 | C24: 1486.2445 | D24: 2013 | E24: 5 | F24: =D24-E24 -> 2008 | G24: =CONCATENATE(D24,".",E24) -> 2013.5 | H24: =C24 -> 1486.2445 | I24: =+VLOOKUP(G24,'Scale-CWT correction factors'!J$4:L$333,3,FALSE) -> 0 | J24: =I24+B24 -> 0 | K24: =+B24 -> 0 | L24: =H24+B24 -> 1486.2445
A25: Sum of Raw_ESC_Age-6 | B25: 0 | C25: 40.184392 | D25: 2013 | E25: 6 | F25: =D25-E25 -> 2007 | G25: =CONCATENATE(D25,".",E25) -> 2013.6 | H25: =C25 -> 40.184392 | I25: =+VLOOKUP(G25,'Scale-CWT correction factors'!J$4:L$333,3,FALSE) -> 0 | J25: =I25+B25 -> 0 | K25: =+B25 -> 0 | L25: =H25+B25 -> 40.184392
A26: 2014
A27: Sum of Raw_ESC_Age-3 | B27: 0 | C27: 30.842105 | D27: 2014 | E27: 3 | F27: =D27-E27 -> 2011 | G27: =CONCATENATE(D27,".",E27) -> 2014.3 | H27: =C27 -> 30.842105 | I27: =+VLOOKUP(G27,'Scale-CWT correction factors'!J$4:L$333,3,FALSE) -> 0 | J27: =I27+B27 -> 0 | K27: =+B27 -> 0 | L27: =H27+B27 -> 30.842105
A28: Sum of Raw_ESC_Age-4 | B28: 0 | C28: 5816.2648 | D28: 2014 | E28: 4 | F28: =D28-E28 -> 2010 | G28: =CONCATENATE(D28,".",E28) -> 2014.4 | H28: =C28 -> 5816.2648 | I28: =+VLOOKUP(G28,'Scale-CWT correction factors'!J$4:L$333,3,FALSE) -> 0 | J28: =I28+B28 -> 0 | K28: =+B28 -> 0 | L28: =H28+B28 -> 5816.2648
A29: Sum of Raw_ESC_Age-5 | B29: 0 | C29: 7388.9483 | D29: 2014 | E29: 5 | F29: =D29-E29 -> 2009 | G29: =CONCATENATE(D29,".",E29) -> 2014.5 | H29: =C29 -> 7388.9483 | I29: =+VLOOKUP(G29,'Scale-CWT correction factors'!J$4:L$333,3,FALSE) -> 0 | J29: =I29+B29 -> 0 | K29: =+B29 -> 0 | L29: =H29+B29 -> 7388.9483
A30: Sum of Raw_ESC_Age-6 | B30: 0 | C30: 129.94476 | D30: 2014 | E30: 6 | F30: =D30-E30 -> 2008 | G30: =CONCATENATE(D30,".",E30) -> 2014.6 | H30: =C30 -> 129.94476 | I30: =+VLOOKUP(G30,'Scale-CWT correction factors'!J$4:L$333,3,FALSE) -> 0 | J30: =I30+B30 -> 0 | K30: =+B30 -> 0 | L30: =H30+B30 -> 129.94476
A31: 2015
A32: Sum of Raw_ESC_Age-3 | B32: 0 | C32: 19.136842 | D32: 2015 | E32: 3 | F32: =D32-E32 -> 2012 | G32: =CONCATENATE(D32,".",E32) -> 2015.3 | H32: =C32 -> 19.136842 | I32: =+VLOOKUP(G32,'Scale-CWT correction factors'!J$4:L$333,3,FALSE) -> 0 | J32: =I32+B32 -> 0 | K32: =+B32 -> 0 | L32: =H32+B32 -> 19.136842
A33: Sum of Raw_ESC_Age-4 | B33: 0 | C33: 3350.261 | D33: 2015 | E33: 4 | F33: =D33-E33 -> 2011 | G33: =CONCATENATE(D33,".",E33) -> 2015.4 | H33: =C33 -> 3350.261 | I33: =+VLOOKUP(G33,'Scale-CWT correction factors'!J$4:L$333,3,FALSE) -> 0 | J33: =I33+B33 -> 0 | K33: =+B33 -> 0 | L33: =H33+B33 -> 3350.261
A34: Sum of Raw_ESC_Age-5 | B34: 0 | C34: 7530.9115 | D34: 2015 | E34: 5 | F34: =D34-E34 -> 2010 | G34: =CONCATENATE(D34,".",E34) -> 2015.5 | H34: =C34 -> 7530.9115 | I34: =+VLOOKUP(G34,'Scale-CWT correction factors'!J$4:L$333,3,FALSE) -> 0 | J34: =I34+B34 -> 0 | K34: =+B34 -> 0 | L34: =H34+B34 -> 7530.9115
A35: Sum of Raw_ESC_Age-6 | B35: 0 | C35: 97.690702 | D35: 2015 | E35: 6 | F35: =D35-E35 -> 2009 | G35: =CONCATENATE(D35,".",E35) -> 2015.6 | H35: =C35 -> 97.690702 | I35: =+VLOOKUP(G35,'Scale-CWT correction factors'!J$4:L$333,3,FALSE) -> 0 | J35: =I35+B35 -> 0 | K35: =+B35 -> 0 | L35: =H35+B35 -> 97.690702
A36: 2016
A37: Sum of Raw_ESC_Age-3 | B37: 0 | C37: 109 | D37: 2016 | E37: 3 | F37: =D37-E37 -> 2013 | G37: =CONCATENATE(D37,".",E37) -> 2016.3 | H37: =C37 -> 109 | I37: =+VLOOKUP(G37,'Scale-CWT correction factors'!J$4:L$333,3,FALSE) -> 0 | J37: =I37+B37 -> 0 | K37: =+B37 -> 0 | L37: =H37+B37 -> 109
A38: Sum of Raw_ESC_Age-4 | B38: 0 | C38: 1251.3861 | D38: 2016 | E38: 4 | F38: =D38-E38 -> 2012 | G38: =CONCATENATE(D38,".",E38) -> 2016.4 | H38: =C38 -> 1251.3861 | I38: =+VLOOKUP(G38,'Scale-CWT correction factors'!J$4:L$333,3,FALSE) -> 0 | J38: =I38+B38 -> 0 | K38: =+B38 -> 0 | L38: =H38+B38 -> 1251.3861
A39: Sum of Raw_ESC_Age-5 | B39: 0 | C39: 2613.9069 | D39: 2016 | E39: 5 | F39: =D39-E39 -> 2011 | G39: =CONCATENATE(D39,".",E39) -> 2016.5 | H39: =C39 -> 2613.9069 | I39: =+VLOOKUP(G39,'Scale-CWT correction factors'!J$4:L$333,3,FALSE) -> 0 | J39: =I39+B39 -> 0 | K39: =+B39 -> 0 | L39: =H39+B39 -> 2613.9069
A40: Sum of Raw_ESC_Age-6 | B40: 0 | C40: 308.707 | D40: 2016 | E40: 6 | F40: =D40-E40 -> 2010 | G40: =CONCATENATE(D40,".",E40) -> 2016.6 | H40: =C40 -> 308.707 | I40: =+VLOOKUP(G40,'Scale-CWT correction factors'!J$4:L$333,3,FALSE) -> 0 | J40: =I40+B40 -> 0 | K40: =+B40 -> 0 | L40: =H40+B40 -> 308.707
A41: 2017
A42: Sum of Raw_ESC_Age-3 | B42: 8 | C42: 8.5 | D42: 2017 | E42: 3 | F42: =D42-E42 -> 2014 | G42: =CONCATENATE(D42,".",E42) -> 2017.3 | H42: =C42 -> 8.5 | I42: =+VLOOKUP(G42,'Scale-CWT correction factors'!J$4:L$333,3,FALSE) -> 3426.4286 | J42: =I42+B42 -> 3434.4286 | K42: =+B42 -> 8 | L42: =H42+B42 -> 16.5
A43: Sum of Raw_ESC_Age-4 | B43: 0 | C43: 1540.0465 | D43: 2017 | E43: 4 | F43: =D43-E43 -> 2013 | G43: =CONCATENATE(D43,".",E43) -> 2017.4 | H43: =C43 -> 1540.0465 | I43: =+VLOOKUP(G43,'Scale-CWT correction factors'!J$4:L$333,3,FALSE) -> 263.57143 | J43: =I43+B43 -> 263.57143 | K43: =+B43 -> 0 | L43: =H43+B43 -> 1540.0465
A44: Sum of Raw_ESC_Age-5 | B44: 0 | C44: 1940.5083 | D44: 2017 | E44: 5 | F44: =D44-E44 -> 2012 | G44: =CONCATENATE(D44,".",E44) -> 2017.5 | H44: =C44 -> 1940.5083 | I44: =+VLOOKUP(G44,'Scale-CWT correction factors'!J$4:L$333,3,FALSE) -> 0 | J44: =I44+B44 -> 0 | K44: =+B44 -> 0 | L44: =H44+B44 -> 1940.5083
A45: Sum of Raw_ESC_Age-6 | B45: 0 | C45: 200.94518 | D45: 2017 | E45: 6 | F45: =D45-E45 -> 2011 | G45: =CONCATENATE(D45,".",E45) -> 2017.6 | H45: =C45 -> 200.94518 | I45: =+VLOOKUP(G45,'Scale-CWT correction factors'!J$4:L$333,3,FALSE) -> 0 | J45: =I45+B45 -> 0 | K45: =+B45 -> 0 | L45: =H45+B45 -> 200.94518
A46: 2018 | K46: =+B46 -> 0
A47: Sum of Raw_ESC_Age-3 | B47: 0 | C47: 0 | D47: 2018 | E47: 3 | F47: =D47-E47 -> 2015 | G47: =CONCATENATE(D47,".",E47) -> 2018.3 | H47: =C47 -> 0 | I47: =+VLOOKUP(G47,'Scale-CWT correction factors'!J$4:L$333,3,FALSE) -> 0 | J47: =I47+B47 -> 0 | K47: =+B47 -> 0
A48: Sum of Raw_ESC_Age-4 | B48: 78 | C48: 1125.4591 | D48: 2018 | E48: 4 | F48: =D48-E48 -> 2014 | G48: =CONCATENATE(D48,".",E48) -> 2018.4 | H48: =C48 -> 1125.4591 | I48: =+VLOOKUP(G48,'Scale-CWT correction factors'!J$4:L$333,3,FALSE) -> 1186.3231 | J48: =I48+B48 -> 1264.3231 | K48: =+B48 -> 78
A49: Sum of Raw_ESC_Age-5 | B49: 0 | C49: 1049.9035 | D49: 2018 | E49: 5 | F49: =D49-E49 -> 2013 | G49: =CONCATENATE(D49,".",E49) -> 2018.5 | H49: =C49 -> 1049.9035 | I49: =+VLOOKUP(G49,'Scale-CWT correction factors'!J$4:L$333,3,FALSE) -> 1031.6769 | J49: =I49+B49 -> 1031.6769 | K49: =+B49 -> 0
A50: Sum of Raw_ESC_Age-6 | B50: 0 | C50: 42.637323 | D50: 2018 | E50: 6 | F50: =D50-E50 -> 2012 | G50: =CONCATENATE(D50,".",E50) -> 2018.6 | H50: =C50 -> 42.637323 | I50: =+VLOOKUP(G50,'Scale-CWT correction factors'!J$4:L$333,3,FALSE) -> 0 | J50: =I50+B50 -> 0 | K50: =+B50 -> 0
A51: 2019
A52: Sum of Raw_ESC_Age-3 | B52: 0 | C52: 0 | D52: 2019 | E52: 3 | F52: =D52-E52 -> 2016 | G52: =CONCATENATE(D52,".",E52) -> 2019.3 | H52: =C52 -> 0 | I52: =+VLOOKUP(G52,'Scale-CWT correction factors'!J$4:L$333,3,FALSE) -> 0 | J52: =I52+B52 -> 0 | K52: =+B52 -> 0
A53: Sum of Raw_ESC_Age-4 | B53: 65.1 | C53: 1284.0488 | D53: 2019 | E53: 4 | F53: =D53-E53 -> 2015 | G53: =CONCATENATE(D53,".",E53) -> 2019.4 | H53: =C53 -> 1284.0488 | I53: =+VLOOKUP(G53,'Scale-CWT correction factors'!J$4:L$333,3,FALSE) -> 1027.239 | J53: =I53+B53 -> 1092.339 | K53: =+B53 -> 65.1
A54: Sum of Raw_ESC_Age-5 | B54: 27.9 | C54: 1031.1301 | D54: 2019 | E54: 5 | F54: =D54-E54 -> 2014 | G54: =CONCATENATE(D54,".",E54) -> 2019.5 | H54: =C54 -> 1031.1301 | I54: =+VLOOKUP(G54,'Scale-CWT correction factors'!J$4:L$333,3,FALSE) -> 1365.761 | J54: =I54+B54 -> 1393.661 | K54: =+B54 -> 27.9
A55: Sum of Raw_ESC_Age-6 | B55: 0 | C55: 77.821138 | D55: 2019 | E55: 6 | F55: =D55-E55 -> 2013 | G55: =CONCATENATE(D55,".",E55) -> 2019.6 | H55: =C55 -> 77.821138 | I55: =+VLOOKUP(G55,'Scale-CWT correction factors'!J$4:L$333,3,FALSE) -> 0 | J55: =I55+B55 -> 0 | K55: =+B55 -> 0
A56: 2020
A57: Sum of Raw_ESC_Age-3 | B57: 7 | C57: 136 | D57: 2020 | E57: 3 | F57: =D57-E57 -> 2017 | G57: =CONCATENATE(D57,".",E57) -> 2020.3 | H57: =C57 -> 136 | I57: =+VLOOKUP(G57,'Scale-CWT correction factors'!J$4:L$333,3,FALSE) -> 136 | J57: =I57+B57 -> 143 | K57: =+B57 -> 7
A58: Sum of Raw_ESC_Age-4 | B58: 104.91979 | C58: 2013.3043 | D58: 2020 | E58: 4 | F58: =D58-E58 -> 2016 | G58: =CONCATENATE(D58,".",E58) -> 2020.4 | H58: =C58 -> 2013.3043 | I58: =+VLOOKUP(G58,'Scale-CWT correction factors'!J$4:L$333,3,FALSE) -> 1797.5931 | J58: =I58+B58 -> 1902.5129 | K58: =+B58 -> 104.91979
A59: Sum of Raw_ESC_Age-5 | B59: 85.080214 | C59: 4108.6957 | D59: 2020 | E59: 5 | F59: =D59-E59 -> 2015 | G59: =CONCATENATE(D59,".",E59) -> 2020.5 | H59: =C59 -> 4108.6957 | I59: =+VLOOKUP(G59,'Scale-CWT correction factors'!J$4:L$333,3,FALSE) -> 4324.4069 | J59: =I59+B59 -> 4409.4871 | K59: =+B59 -> 85.080214
A60: Sum of Raw_ESC_Age-6 | B60: 0 | C60: 0 | D60: 2020 | E60: 6 | F60: =D60-E60 -> 2014 | G60: =CONCATENATE(D60,".",E60) -> 2020.6 | H60: =C60 -> 0 | I60: =+VLOOKUP(G60,'Scale-CWT correction factors'!J$4:L$333,3,FALSE) -> 0 | J60: =I60+B60 -> 0 | K60: =+B60 -> 0
A61: 2021
A62: Sum of Raw_ESC_Age-3 | B62: 61.514286 | C62: 38.181818 | D62: 2021 | E62: 3 | F62: =D62-E62 -> 2018 | G62: =CONCATENATE(D62,".",E62) -> 2021.3 | H62: =C62 -> 38.181818 | I62: =+VLOOKUP(G62,'Scale-CWT correction factors'!J$4:L$333,3,FALSE) -> 165.81785 | J62: =I62+B62 -> 227.33213 | K62: =+B62 -> 61.514286
A63: Sum of Raw_ESC_Age-4 | B63: 361.29443 | C63: 3318.5367 | D63: 2021 | E63: 4 | F63: =D63-E63 -> 2017 | G63: =CONCATENATE(D63,".",E63) -> 2021.4 | H63: =C63 -> 3318.5367 | I63: =+VLOOKUP(G63,'Scale-CWT correction factors'!J$4:L$333,3,FALSE) -> 3105.81 | J63: =I63+B63 -> 3467.1044 | K63: =+B63 -> 361.29443
A64: Sum of Raw_ESC_Age-5 | B64: 30.191289 | C64: 1848.9065 | D64: 2021 | E64: 5 | F64: =D64-E64 -> 2016 | G64: =CONCATENATE(D64,".",E64) -> 2021.5 | H64: =C64 -> 1848.9065 | I64: =+VLOOKUP(G64,'Scale-CWT correction factors'!J$4:L$333,3,FALSE) -> 1949.3722 | J64: =I64+B64 -> 1979.5635 | K64: =+B64 -> 30.191289
A65: Sum of Raw_ESC_Age-6 | B65: 0 | C65: 15.375 | D65: 2021 | E65: 6 | F65: =D65-E65 -> 2015 | G65: =CONCATENATE(D65,".",E65) -> 2021.6 | H65: =C65 -> 15.375 | I65: =+VLOOKUP(G65,'Scale-CWT correction factors'!J$4:L$333,3,FALSE) -> 0 | J65: =I65+B65 -> 0 | K65: =+B65 -> 0
A66: 2022
A67: Sum of Raw_ESC_Age-3 | B67: 15 | C67: 316.81132 | D67: 2022 | E67: 3 | F67: =D67-E67 -> 2019 | G67: =CONCATENATE(D67,".",E67) -> 2022.3 | H67: =C67 -> 316.81132 | I67: =+VLOOKUP(G67,'Scale-CWT correction factors'!J$4:L$333,3,FALSE) -> 0 | J67: =I67+B67 -> 15 | K67: =+B67 -> 15
A68: Sum of Raw_ESC_Age-4 | B68: 590.21584 | C68: 4246.8916 | D68: 2022 | E68: 4 | F68: =D68-E68 -> 2018 | G68: =CONCATENATE(D68,".",E68) -> 2022.4 | H68: =C68 -> 4246.8916 | I68: =+VLOOKUP(G68,'Scale-CWT correction factors'!J$4:L$333,3,FALSE) -> 4971.6484 | J68: =I68+B68 -> 5561.8642 | K68: =+B68 -> 590.21584
A69: Sum of Raw_ESC_Age-5 | B69: 273.78416 | C69: 8373.4678 | D69: 2022 | E69: 5 | F69: =D69-E69 -> 2017 | G69: =CONCATENATE(D69,".",E69) -> 2022.5 | H69: =C69 -> 8373.4678 | I69: =+VLOOKUP(G69,'Scale-CWT correction factors'!J$4:L$333,3,FALSE) -> 8024.3516 | J69: =I69+B69 -> 8298.1358 | K69: =+B69 -> 273.78416
A70: Sum of Raw_ESC_Age-6 | B70: 0 | C70: 58.829322 | D70: 2022 | E70: 6 | F70: =D70-E70 -> 2016 | G70: =CONCATENATE(D70,".",E70) -> 2022.6 | H70: =C70 -> 58.829322 | I70: =+VLOOKUP(G70,'Scale-CWT correction factors'!J$4:L$333,3,FALSE) -> 0 | J70: =I70+B70 -> 0 | K70: =+B70 -> 0
A71: 2023
A72: Sum of Raw_ESC_Age-3 | B72: 164 | C72: 187.42857 | D72: 2023 | E72: 3 | F72: =D72-E72 -> 2020 | G72: =CONCATENATE(D72,".",E72) -> 2023.3 | H72: =C72 -> 187.42857 | I72: =+VLOOKUP(G72,'Scale-CWT correction factors'!J$4:L$333,3,FALSE) -> 233.54608 | J72: =I72+B72 -> 397.54608 | K72: =+B72 -> 164
A73: Sum of Raw_ESC_Age-4 | B73: 304.60897 | C73: 2628.6981 | D73: 2023 | E73: 4 | F73: =D73-E73 -> 2019 | G73: =CONCATENATE(D73,".",E73) -> 2023.4 | H73: =C73 -> 2628.6981 | I73: =+VLOOKUP(G73,'Scale-CWT correction factors'!J$4:L$333,3,FALSE) -> 2490.3456 | J73: =I73+B73 -> 2794.9546 | K73: =+B73 -> 304.60897
A74: Sum of Raw_ESC_Age-5 | B74: 99.391026 | C74: 4324.2639 | D74: 2023 | E74: 5 | F74: =D74-E74 -> 2018 | G74: =CONCATENATE(D74,".",E74) -> 2023.5 | H74: =C74 -> 4324.2639 | I74: =+VLOOKUP(G74,'Scale-CWT correction factors'!J$4:L$333,3,FALSE) -> 4457.1083 | J74: =I74+B74 -> 4556.4994 | K74: =+B74 -> 99.391026
A75: Sum of Raw_ESC_Age-6 | B75: 0 | C75: 40.609362 | D75: 2023 | E75: 6 | F75: =D75-E75 -> 2017 | G75: =CONCATENATE(D75,".",E75) -> 2023.6 | H75: =C75 -> 40.609362 | I75: =+VLOOKUP(G75,'Scale-CWT correction factors'!J$4:L$333,3,FALSE) -> 0 | J75: =I75+B75 -> 0 | K75: =+B75 -> 0
A76: 2024
A77: Sum of Raw_ESC_Age-3 | B77: 0 | C77: 230.63636 | D77: 2024 | E77: 3 | F77: =D77-E77 -> 2021 | G77: =CONCATENATE(D77,".",E77) -> 2024.3 | H77: =C77 -> 230.63636 | I77: =+VLOOKUP(G77,'Scale-CWT correction factors'!J$4:L$333,3,FALSE) -> 214.16234 | J77: =I77+B77 -> 214.16234 | K77: =+B77 -> 0
A78: Sum of Raw_ESC_Age-4 | B78: 653.25 | C78: 2012.2427 | D78: 2024 | E78: 4 | F78: =D78-E78 -> 2020 | G78: =CONCATENATE(D78,".",E78) -> 2024.4 | H78: =C78 -> 2012.2427 | I78: =+VLOOKUP(G78,'Scale-CWT correction factors'!J$4:L$333,3,FALSE) -> 3284.8609 | J78: =I78+B78 -> 3938.1109 | K78: =+B78 -> 653.25
A79: Sum of Raw_ESC_Age-5 | B79: 27.75 | C79: 2027.9479 | D79: 2024 | E79: 5 | F79: =D79-E79 -> 2019 | G79: =CONCATENATE(D79,".",E79) -> 2024.5 | H79: =C79 -> 2027.9479 | I79: =+VLOOKUP(G79,'Scale-CWT correction factors'!J$4:L$333,3,FALSE) -> 795.97679 | J79: =I79+B79 -> 823.72679 | K79: =+B79 -> 27.75
A80: Sum of Raw_ESC_Age-6 | B80: 0 | C80: 24.173077 | D80: 2024 | E80: 6 | F80: =D80-E80 -> 2018 | G80: =CONCATENATE(D80,".",E80) -> 2024.6 | H80: =C80 -> 24.173077 | I80: =+VLOOKUP(G80,'Scale-CWT correction factors'!J$4:L$333,3,FALSE) -> 0 | J80: =I80+B80 -> 0 | K80: =+B80 -> 0

Sheet Esc Age for Study Design
M3: OLD
M5: year | N5: age | O5: Total | P5: Percent of Return | Q5: Unknown Column???
M6: 2010 | N6: 3 | O6: 44.751014 | P6: =O6/SUM(O$6:$O$9) -> 0.0059525159
A7: Sum of Corrected_Unclipped | B7: Column Labels | M7: 2010 | N7: 4 | O7: 3880.8799 | P7: =O7/SUM(O$6:$O$9) -> 0.51621174
A8: Row Labels | B8: 3 | C8: 4 | D8: 5 | E8: 6 | F8: Grand Total | G8: Year | H8: % Esc age 3 (Jack) | I8: % Esc age 4 | J8: % Esc age 5 | K8: % Esc age 6 | M8: 2010 | N8: 5 | O8: 3241.3351 | P8: =O8/SUM(O$6:$O$9) -> 0.43114328
A9: 2017 | B9: 3426.4286 | C9: 263.57143 | D9: 0 | E9: 0 | F9: 3690 | G9: =A11 -> 2019 | H9: =B11/$F11 -> 0 | I9: =C11/$F11 -> 0.42926829 | J9: =D11/$F11 -> 0.57073171 | K9: =E11/$F11 -> 0 | M9: 2010 | N9: 6 | O9: 351.03397 | P9: =O9/SUM(O$6:$O$9) -> 0.046692468
A10: 2018 | B10: 0 | C10: 1186.3231 | D10: 1031.6769 | E10: 0 | F10: 2218 | G10: =A12 -> 2020 | H10: =B12/$F12 -> 0.021732183 | I10: =C12/$F12 -> 0.28724722 | J10: =D12/$F12 -> 0.6910206 | K10: =E12/$F12 -> 0
A11: 2019 | B11: 0 | C11: 1027.239 | D11: 1365.761 | E11: 0 | F11: 2393 | G11: =A13 -> 2021 | H11: =B13/$F13 -> 0.031759786 | I11: =C13/$F13 -> 0.5948688 | J11: =D13/$F13 -> 0.37337142 | K11: =E13/$F13 -> 0 | M11: 2011 | N11: 3 | O11: 19 | P11: =O11/SUM(O$11:$O$14) -> 0.0022578728
A12: 2020 | B12: 136 | C12: 1797.5931 | D12: 4324.4069 | E12: 0 | F12: 6258 | G12: 2022 | H12: =B14/$F14 -> 0 | I12: =C14/$F14 -> 0.3825522 | J12: =D14/$F14 -> 0.6174478 | K12: =E14/$F14 -> 0 | M12: 2011 | N12: 4 | O12: 1405.2216 | P12: =O12/SUM(O$11:$O$14) -> 0.16699009
A13: 2021 | B13: 165.81785 | C13: 3105.81 | D13: 1949.3722 | E13: 0 | F13: 5221 | G13: 2023 | H13: =B15/$F15 -> 0.03252278 | I13: =C15/$F15 -> 0.34679649 | J13: =D15/$F15 -> 0.62068073 | K13: =E15/$F15 -> 0 | M13: 2011 | N13: 5 | O13: 6811.3084 | P13: =O13/SUM(O$11:$O$14) -> 0.80942464
A14: 2022 | B14: 0 | C14: 4971.6484 | D14: 8024.3516 | E14: 0 | F14: 12996 | G14: 2024 | H14: =B16/$F16 -> 0.049863175 | I14: =C16/$F16 -> 0.76481045 | J14: =D16/$F16 -> 0.18532638 | K14: =E16/$F16 -> 0 | M14: 2011 | N14: 6 | O14: 179.47002 | P14: =O14/SUM(O$11:$O$14) -> 0.021327393
A15: 2023 | B15: 233.54608 | C15: 2490.3456 | D15: 4457.1083 | E15: 0 | F15: 7181 | G15: 6 Yr Average | H15: =AVERAGE(H9:H13) -> 0.01720295 | I15: =AVERAGE(I9:I13) -> 0.4081466 | J15: =AVERAGE(J9:J13) -> 0.57465045 | K15: =AVERAGE(K9:K13) -> 0
A16: 2024 | B16: 214.16234 | C16: 3284.8609 | D16: 795.97679 | E16: 0 | F16: 4295 | M16: 2012 | N16: 3 | O16: 176.92207 | P16: =O16/SUM(O$16:$O$19) -> 0.041269436
A17: Grand Total | B17: 4175.9548 | C17: 18127.392 | D17: 21948.654 | E17: 0 | F17: 44252 | M17: 2012 | N17: 4 | O17: 1411.3555 | P17: =O17/SUM(O$16:$O$19) -> 0.32921751
M18: 2012 | N18: 5 | O18: 2626.4035 | P18: =O18/SUM(O$16:$O$19) -> 0.61264369
M19: 2012 | N19: 6 | O19: 72.318953 | P19: =O19/SUM(O$16:$O$19) -> 0.016869362
M21: 2013 | N21: 3 | O21: 400.7559 | P21: =O21/SUM(O$21:$O$24) -> 0.090607259
M22: 2013 | N22: 4 | O22: 2495.8152 | P22: =O22/SUM(O$21:$O$24) -> 0.56428109
M23: 2013 | N23: 5 | O23: 1486.2445 | P23: =O23/SUM(O$21:$O$24) -> 0.33602633
M24: 2013 | N24: 6 | O24: 40.184392 | P24: =O24/SUM(O$21:$O$24) -> 0.009085325
M26: 2014 | N26: 3 | O26: 30.842105 | P26: =O26/SUM(O$26:$O$29) -> 0.0023075045
M27: 2014 | N27: 4 | O27: 5816.2648 | P27: =O27/SUM(O$26:$O$29) -> 0.43515374
M28: 2014 | N28: 5 | O28: 7388.9483 | P28: =O28/SUM(O$26:$O$29) -> 0.55281672
M29: 2014 | N29: 6 | O29: 129.94476 | P29: =O29/SUM(O$26:$O$29) -> 0.0097220383
M31: 2015 | N31: 3 | O31: 19.136842 | P31: =O31/SUM(O$31:$O$34) -> 0.0017400293
M32: 2015 | N32: 4 | O32: 3350.261 | P32: =O32/SUM(O$31:$O$34) -> 0.30462457
M33: 2015 | N33: 5 | O33: 7530.9115 | P33: =O33/SUM(O$31:$O$34) -> 0.68475282
M34: 2015 | N34: 6 | O34: 97.690702 | P34: =O34/SUM(O$31:$O$34) -> 0.0088825879
M36: 2016 | N36: 3 | O36: 109 | P36: =O36/SUM(O$36:$O$39) -> 0.025449451
M37: 2016 | N37: 4 | O37: 1251.3861 | P37: =O37/SUM(O$36:$O$39) -> 0.29217514
M38: 2016 | N38: 5 | O38: 2613.9069 | P38: =O38/SUM(O$36:$O$39) -> 0.61029813
M39: 2016 | N39: 6 | O39: 308.707 | P39: =O39/SUM(O$36:$O$39) -> 0.072077282
M41: 2017 | N41: 3 | O41: 9.5 | P41: =O41/SUM(O$41:$O$44) -> 0.0025689562 | Q41: 0.125
M42: 2017 | N42: 4 | O42: 1542.2316 | P42: =O42/SUM(O$41:$O$44) -> 0.41704479 | Q42: 0.27313866
M43: 2017 | N43: 5 | O43: 1944.928 | P43: =O43/SUM(O$41:$O$44) -> 0.5259405 | Q43: 0.55245902
M44: 2017 | N44: 6 | O44: 201.3404 | P44: =O44/SUM(O$41:$O$44) -> 0.054445754 | Q44: 0.049402322
M46: 2018 | N46: 3 | O46: 0 | P46: =O46/SUM(O$46:$O$49) -> 0 | Q46: 0
M47: 2018 | N47: 4 | O47: 1203.4591 | P47: =O47/SUM(O$46:$O$49) -> 0.52415467 | Q47: 0.52415467
M48: 2018 | N48: 5 | O48: 1049.9035 | P48: =O48/SUM(O$46:$O$49) -> 0.45727506 | Q48: 0.45727506
M49: 2018 | N49: 6 | O49: 42.637323 | P49: =O49/SUM(O$46:$O$49) -> 0.018570263 | Q49: 0.018570263
M51: 2019 | N51: 3 | O51: 0 | P51: =O51/SUM(O$51:$O$54) -> 0 | Q51: 0
M52: 2019 | N52: 4 | O52: 1092.339 | P52: =O52/SUM(O$51:$O$54) -> 0.43906636 | Q52: 0.43906636
M53: 2019 | N53: 5 | O53: 1317.7075 | P53: =O53/SUM(O$51:$O$54) -> 0.52965338 | Q53: 0.52965338
M54: 2019 | N54: 6 | O54: 77.821138 | P54: =O54/SUM(O$51:$O$54) -> 0.031280256 | Q54: 0.031280256
M56: 2020 | N56: 3 | O56: 133 | P56: =O56/SUM(O$56:$O$59) -> 0.023636041 | Q56: 0.023636041
M57: 2020 | N57: 4 | O57: 1627.3671 | P57: =O57/SUM(O$56:$O$59) -> 0.28920688 | Q57: 0.28920688
M58: 2020 | N58: 5 | O58: 3866.6329 | P58: =O58/SUM(O$56:$O$59) -> 0.68715708 | Q58: 0.68715708
M59: 2020 | N59: 6 | O59: 0 | P59: =O59/SUM(O$56:$O$59) -> 0 | Q59: 0
M61: 2021 | N61: 3 | O61: 202.9393 | P61: =O61/SUM(O$61:$O$64) -> 0.043211902 | Q61: 0.043211902
M62: 2021 | N62: 4 | O62: 2880.1318 | P62: =O62/SUM(O$61:$O$64) -> 0.613267 | Q62: 0.613267
M63: 2021 | N63: 5 | O63: 1597.9289 | P63: =O63/SUM(O$61:$O$64) -> 0.34024729 | Q63: 0.34024729
M64: 2021 | N64: 6 | O64: 15.375 | P64: =O64/SUM(O$61:$O$64) -> 0.0032738016 | Q64: 0.0032738016

Sheet Scale-CWT correction factors
A1: Only fish with paired scales and CWTs to estimate correction factors | L1: UNCLIPPED | N1: See next tab for corrected esc by age
D2: cwt age | K2: UNCLIPPED | L2: Corrected | M2: corrected ages
A3: River | B3: Year | C3: scale age | D3: 2 | E3: 3 | F3: 4 | G3: 5 | H3: 6 | I3: Total | J3: Identified | K3: Uncorrected ages | M3: 3 | N3: 4 | O3: 5 | P3: 6 | Q3: checks
A4: Chilko | B4: 2010 | C4: 3 | I4: =SUM(D4:H4) -> 0 | J4: =+CONCATENATE(B4,".",C4) -> 2010.3 | K4: =+VLOOKUP(J4,'Corrected Esc by age'!G$7:H$402,2,FALSE) -> 44.751014 | L4: =+SUM(M4:M7) -> 0
A5: Chilko | B5: 2010 | C5: 4 | I5: =SUM(D5:H5) -> 0 | J5: =+CONCATENATE(B5,".",C5) -> 2010.4 | K5: =+VLOOKUP(J5,'Corrected Esc by age'!G$7:H$402,2,FALSE) -> 3880.8799 | L5: =+SUM(N4:N7) -> 0
A6: Chilko | B6: 2010 | C6: 5 | I6: =SUM(D6:H6) -> 0 | J6: =+CONCATENATE(B6,".",C6) -> 2010.5 | K6: =+VLOOKUP(J6,'Corrected Esc by age'!G$7:H$402,2,FALSE) -> 3241.3351 | L6: =+SUM(O4:O7) -> 0
A7: Chilko | B7: 2010 | C7: 6 | I7: =SUM(D7:H7) -> 0 | J7: =+CONCATENATE(B7,".",C7) -> 2010.6 | K7: =+VLOOKUP(J7,'Corrected Esc by age'!G$7:H$402,2,FALSE) -> 351.03397 | L7: =+SUM(P4:P7) -> 0
A8: Chilko | B8: 2011 | C8: 3 | I8: =SUM(D8:H8) -> 0 | J8: =+CONCATENATE(B8,".",C8) -> 2011.3 | K8: =+VLOOKUP(J8,'Corrected Esc by age'!G$7:H$402,2,FALSE) -> 19 | L8: =+SUM(M8:M11) -> 0
A9: Chilko | B9: 2011 | C9: 4 | I9: =SUM(D9:H9) -> 0 | J9: =+CONCATENATE(B9,".",C9) -> 2011.4 | K9: =+VLOOKUP(J9,'Corrected Esc by age'!G$7:H$402,2,FALSE) -> 1405.2216 | L9: =+SUM(N8:N11) -> 0
A10: Chilko | B10: 2011 | C10: 5 | I10: =SUM(D10:H10) -> 0 | J10: =+CONCATENATE(B10,".",C10) -> 2011.5 | K10: =+VLOOKUP(J10,'Corrected Esc by age'!G$7:H$402,2,FALSE) -> 6811.3084 | L10: =+SUM(O8:O11) -> 0
A11: Chilko | B11: 2011 | C11: 6 | I11: =SUM(D11:H11) -> 0 | J11: =+CONCATENATE(B11,".",C11) -> 2011.6 | K11: =+VLOOKUP(J11,'Corrected Esc by age'!G$7:H$402,2,FALSE) -> 179.47002 | L11: =+SUM(P8:P11) -> 0
A12: Chilko | B12: 2012 | C12: 3 | I12: =SUM(D12:H12) -> 0 | J12: =+CONCATENATE(B12,".",C12) -> 2012.3 | K12: =+VLOOKUP(J12,'Corrected Esc by age'!G$7:H$402,2,FALSE) -> 176.92207 | L12: =+SUM(M12:M15) -> 0 | U12: Row Labels | V12: Sum of 3 | W12: Sum of 4 | X12: Sum of 5 | Y12: Sum of 6
A13: Chilko | B13: 2012 | C13: 4 | I13: =SUM(D13:H13) -> 0 | J13: =+CONCATENATE(B13,".",C13) -> 2012.4 | K13: =+VLOOKUP(J13,'Corrected Esc by age'!G$7:H$402,2,FALSE) -> 1411.3555 | L13: =+SUM(N12:N15) -> 0 | U13: 3 | V13: 13 | W13: 1 | X13: 0 | AA13: =SUM(V13:Z13) -> 14
A14: Chilko | B14: 2012 | C14: 5 | I14: =SUM(D14:H14) -> 0 | J14: =+CONCATENATE(B14,".",C14) -> 2012.5 | K14: =+VLOOKUP(J14,'Corrected Esc by age'!G$7:H$402,2,FALSE) -> 2626.4035 | L14: =+SUM(O12:O15) -> 0 | U14: 4 | V14: 4 | W14: 253 | X14: 12 | AA14: =SUM(V14:Z14) -> 269
A15: Chilko | B15: 2012 | C15: 6 | I15: =SUM(D15:H15) -> 0 | J15: =+CONCATENATE(B15,".",C15) -> 2012.6 | K15: =+VLOOKUP(J15,'Corrected Esc by age'!G$7:H$402,2,FALSE) -> 72.318953 | L15: =+SUM(P12:P15) -> 0 | U15: 5 | V15: 0 | W15: 4 | X15: 65 | AA15: =SUM(V15:Z15) -> 69
A16: Chilko | B16: 2013 | C16: 3 | I16: =SUM(D16:H16) -> 0 | J16: =+CONCATENATE(B16,".",C16) -> 2013.3 | K16: =+VLOOKUP(J16,'Corrected Esc by age'!G$7:H$402,2,FALSE) -> 400.7559 | L16: =+SUM(M16:M19) -> 0 | U16: 6 | V16: 0 | W16: 0 | X16: 3 | AA16: =SUM(V16:Z16) -> 3
A17: Chilko | B17: 2013 | C17: 4 | I17: =SUM(D17:H17) -> 0 | J17: =+CONCATENATE(B17,".",C17) -> 2013.4 | K17: =+VLOOKUP(J17,'Corrected Esc by age'!G$7:H$402,2,FALSE) -> 2495.8152 | L17: =+SUM(N16:N19) -> 0 | U17: (blank)
A18: Chilko | B18: 2013 | C18: 5 | I18: =SUM(D18:H18) -> 0 | J18: =+CONCATENATE(B18,".",C18) -> 2013.5 | K18: =+VLOOKUP(J18,'Corrected Esc by age'!G$7:H$402,2,FALSE) -> 1486.2445 | L18: =+SUM(O16:O19) -> 0 | U18: Grand Total | V18: 17 | W18: 258 | X18: 80
A19: Chilko | B19: 2013 | C19: 6 | I19: =SUM(D19:H19) -> 0 | J19: =+CONCATENATE(B19,".",C19) -> 2013.6 | K19: =+VLOOKUP(J19,'Corrected Esc by age'!G$7:H$402,2,FALSE) -> 40.184392 | L19: =+SUM(P16:P19) -> 0
A20: Chilko | B20: 2014 | C20: 3 | I20: =SUM(D20:H20) -> 0 | J20: =+CONCATENATE(B20,".",C20) -> 2014.3 | K20: =+VLOOKUP(J20,'Corrected Esc by age'!G$7:H$402,2,FALSE) -> 30.842105 | L20: =+SUM(M20:M23) -> 0
A21: Chilko | B21: 2014 | C21: 4 | I21: =SUM(D21:H21) -> 0 | J21: =+CONCATENATE(B21,".",C21) -> 2014.4 | K21: =+VLOOKUP(J21,'Corrected Esc by age'!G$7:H$402,2,FALSE) -> 5816.2648 | L21: =+SUM(N20:N23) -> 0
A22: Chilko | B22: 2014 | C22: 5 | I22: =SUM(D22:H22) -> 0 | J22: =+CONCATENATE(B22,".",C22) -> 2014.5 | K22: =+VLOOKUP(J22,'Corrected Esc by age'!G$7:H$402,2,FALSE) -> 7388.9483 | L22: =+SUM(O20:O23) -> 0
A23: Chilko | B23: 2014 | C23: 6 | I23: =SUM(D23:H23) -> 0 | J23: =+CONCATENATE(B23,".",C23) -> 2014.6 | K23: =+VLOOKUP(J23,'Corrected Esc by age'!G$7:H$402,2,FALSE) -> 129.94476 | L23: =+SUM(P20:P23) -> 0
A24: Chilko | B24: 2015 | C24: 3 | I24: =SUM(D24:H24) -> 0 | J24: =+CONCATENATE(B24,".",C24) -> 2015.3 | K24: =+VLOOKUP(J24,'Corrected Esc by age'!G$7:H$402,2,FALSE) -> 19.136842 | L24: =+SUM(M24:M27) -> 0
A25: Chilko | B25: 2015 | C25: 4 | I25: =SUM(D25:H25) -> 0 | J25: =+CONCATENATE(B25,".",C25) -> 2015.4 | K25: =+VLOOKUP(J25,'Corrected Esc by age'!G$7:H$402,2,FALSE) -> 3350.261 | L25: =+SUM(N24:N27) -> 0
A26: Chilko | B26: 2015 | C26: 5 | I26: =SUM(D26:H26) -> 0 | J26: =+CONCATENATE(B26,".",C26) -> 2015.5 | K26: =+VLOOKUP(J26,'Corrected Esc by age'!G$7:H$402,2,FALSE) -> 7530.9115 | L26: =+SUM(O24:O27) -> 0
A27: Chilko | B27: 2015 | C27: 6 | I27: =SUM(D27:H27) -> 0 | J27: =+CONCATENATE(B27,".",C27) -> 2015.6 | K27: =+VLOOKUP(J27,'Corrected Esc by age'!G$7:H$402,2,FALSE) -> 97.690702 | L27: =+SUM(P24:P27) -> 0
A28: Chilko | B28: 2016 | C28: 3 | I28: =SUM(D28:H28) -> 0 | J28: =+CONCATENATE(B28,".",C28) -> 2016.3 | K28: =+VLOOKUP(J28,'Corrected Esc by age'!G$7:H$402,2,FALSE) -> 109 | L28: =+SUM(M28:M31) -> 0
A29: Chilko | B29: 2016 | C29: 4 | I29: =SUM(D29:H29) -> 0 | J29: =+CONCATENATE(B29,".",C29) -> 2016.4 | K29: =+VLOOKUP(J29,'Corrected Esc by age'!G$7:H$402,2,FALSE) -> 1251.3861 | L29: =+SUM(N28:N31) -> 0
A30: Chilko | B30: 2016 | C30: 5 | I30: =SUM(D30:H30) -> 0 | J30: =+CONCATENATE(B30,".",C30) -> 2016.5 | K30: =+VLOOKUP(J30,'Corrected Esc by age'!G$7:H$402,2,FALSE) -> 2613.9069 | L30: =+SUM(O28:O31) -> 0
A31: Chilko | B31: 2016 | C31: 6 | I31: =SUM(D31:H31) -> 0 | J31: =+CONCATENATE(B31,".",C31) -> 2016.6 | K31: =+VLOOKUP(J31,'Corrected Esc by age'!G$7:H$402,2,FALSE) -> 308.707 | L31: =+SUM(P28:P31) -> 0
A32: Chilko | B32: 2017 | C32: 3 | I32: =SUM(D32:H32) -> 0 | J32: =+CONCATENATE(B32,".",C32) -> 2017.3 | K32: =+VLOOKUP(J32,'Corrected Esc by age'!G$7:H$402,2,FALSE) -> 8.5 | L32: =+SUM(M32:M35) -> 3426.4286 | M32: =+IF((SUM($D32:$H32)=0),(V$13/$AA$13)*$K32,(E32/$I32)*$K32) -> 7.8928571 | N32: =+IF((SUM($D32:$H32)=0),(W$13/$AA$13)*$K32,(F32/$I32)*$K32) -> 0.60714286 | O32: =+IF((SUM($D32:$H32)=0),(X$13/$AA$13)*$K32,(G32/$I32)*$K32) -> 0 | P32: =+IF((SUM($D32:$H32)=0),(Y$13/$AA$13)*$K32,(H32/$I32)*$K32) -> 0
A33: Chilko | B33: 2017 | C33: 4 | I33: =SUM(D33:H33) -> 0 | J33: =+CONCATENATE(B33,".",C33) -> 2017.4 | K33: =+VLOOKUP(J33,'Corrected Esc by age'!G$7:H$402,2,FALSE) -> 1540.0465 | L33: =+SUM(N32:N35) -> 263.57143 | M33: =+IF((SUM($D33:$H33)=0),(V$13/$AA$13)*$K33,(E33/$I33)*$K33) -> 1430.0432 | N33: =+IF((SUM($D33:$H33)=0),(W$13/$AA$13)*$K33,(F33/$I33)*$K33) -> 110.00332 | O33: =+IF((SUM($D33:$H33)=0),(X$13/$AA$13)*$K33,(G33/$I33)*$K33) -> 0 | P33: =+IF((SUM($D33:$H33)=0),(Y$13/$AA$13)*$K33,(H33/$I33)*$K33) -> 0
A34: Chilko | B34: 2017 | C34: 5 | I34: =SUM(D34:H34) -> 0 | J34: =+CONCATENATE(B34,".",C34) -> 2017.5 | K34: =+VLOOKUP(J34,'Corrected Esc by age'!G$7:H$402,2,FALSE) -> 1940.5083 | L34: =+SUM(O32:O35) -> 0 | M34: =+IF((SUM($D34:$H34)=0),(V$13/$AA$13)*$K34,(E34/$I34)*$K34) -> 1801.9006 | N34: =+IF((SUM($D34:$H34)=0),(W$13/$AA$13)*$K34,(F34/$I34)*$K34) -> 138.60774 | O34: =+IF((SUM($D34:$H34)=0),(X$13/$AA$13)*$K34,(G34/$I34)*$K34) -> 0 | P34: =+IF((SUM($D34:$H34)=0),(Y$13/$AA$13)*$K34,(H34/$I34)*$K34) -> 0
A35: Chilko | B35: 2017 | C35: 6 | I35: =SUM(D35:H35) -> 0 | J35: =+CONCATENATE(B35,".",C35) -> 2017.6 | K35: =+VLOOKUP(J35,'Corrected Esc by age'!G$7:H$402,2,FALSE) -> 200.94518 | L35: =+SUM(P32:P35) -> 0 | M35: =+IF((SUM($D35:$H35)=0),(V$13/$AA$13)*$K35,(E35/$I35)*$K35) -> 186.59195 | N35: =+IF((SUM($D35:$H35)=0),(W$13/$AA$13)*$K35,(F35/$I35)*$K35) -> 14.353227 | O35: =+IF((SUM($D35:$H35)=0),(X$13/$AA$13)*$K35,(G35/$I35)*$K35) -> 0 | P35: =+IF((SUM($D35:$H35)=0),(Y$13/$AA$13)*$K35,(H35/$I35)*$K35) -> 0
A36: Chilko | B36: 2018 | C36: 3 | I36: =SUM(D36:H36) -> 0 | J36: =+CONCATENATE(B36,".",C36) -> 2018.3 | K36: =+VLOOKUP(J36,'Corrected Esc by age'!G$7:H$402,2,FALSE) -> 0 | L36: =+SUM(M36:M39) -> 0 | M36: =+IF((SUM($D36:$H36)=0),(V$13/$AA$13)*$K36,(E36/$I36)*$K36) -> 0 | N36: =+IF((SUM($D36:$H36)=0),(W$13/$AA$13)*$K36,(F36/$I36)*$K36) -> 0 | O36: =+IF((SUM($D36:$H36)=0),(X$13/$AA$13)*$K36,(G36/$I36)*$K36) -> 0 | P36: =+IF((SUM($D36:$H36)=0),(Y$13/$AA$13)*$K36,(H36/$I36)*$K36) -> 0
A37: Chilko | B37: 2018 | C37: 4 | F37: 14 | I37: =SUM(D37:H37) -> 14 | J37: =+CONCATENATE(B37,".",C37) -> 2018.4 | K37: =+VLOOKUP(J37,'Corrected Esc by age'!G$7:H$402,2,FALSE) -> 1125.4591 | L37: =+SUM(N36:N39) -> 1186.3231 | M37: =+IF((SUM($D37:$H37)=0),(V$14/$AA$14)*$K37,(E37/$I37)*$K37) -> 0 | N37: =+IF((SUM($D37:$H37)=0),(W$14/$AA$14)*$K37,(F37/$I37)*$K37) -> 1125.4591 | O37: =+IF((SUM($D37:$H37)=0),(X$14/$AA$14)*$K37,(G37/$I37)*$K37) -> 0 | P37: =+IF((SUM($D37:$H37)=0),(Y$14/$AA$14)*$K37,(H37/$I37)*$K37) -> 0
A38: Chilko | B38: 2018 | C38: 5 | I38: =SUM(D38:H38) -> 0 | J38: =+CONCATENATE(B38,".",C38) -> 2018.5 | K38: =+VLOOKUP(J38,'Corrected Esc by age'!G$7:H$402,2,FALSE) -> 1049.9035 | L38: =+SUM(O36:O39) -> 1031.6769 | M38: =+IF((SUM($D38:$H38)=0),(V$15/$AA$15)*$K38,(E38/$I38)*$K38) -> 0 | N38: =+IF((SUM($D38:$H38)=0),(W$15/$AA$15)*$K38,(F38/$I38)*$K38) -> 60.863974 | O38: =+IF((SUM($D38:$H38)=0),(X$15/$AA$15)*$K38,(G38/$I38)*$K38) -> 989.03957 | P38: =+IF((SUM($D38:$H38)=0),(Y$15/$AA$15)*$K38,(H38/$I38)*$K38) -> 0
A39: Chilko | B39: 2018 | C39: 6 | I39: =SUM(D39:H39) -> 0 | J39: =+CONCATENATE(B39,".",C39) -> 2018.6 | K39: =+VLOOKUP(J39,'Corrected Esc by age'!G$7:H$402,2,FALSE) -> 42.637323 | L39: =SUM(P36:P39) -> 0 | M39: =+IF((SUM($D39:$H39)=0),(V$16/$AA$16)*$K39,(E39/$I39)*$K39) -> 0 | N39: =+IF((SUM($D39:$H39)=0),(W$16/$AA$16)*$K39,(F39/$I39)*$K39) -> 0 | O39: =+IF((SUM($D39:$H39)=0),(X$16/$AA$16)*$K39,(G39/$I39)*$K39) -> 42.637323 | P39: =+IF((SUM($D39:$H39)=0),(Y$16/$AA$16)*$K39,(H39/$I39)*$K39) -> 0
A40: Chilko | B40: 2019 | C40: 3 | I40: =SUM(D40:H40) -> 0 | J40: =+CONCATENATE(B40,".",C40) -> 2019.3 | K40: =+VLOOKUP(J40,'Corrected Esc by age'!G$7:H$402,2,FALSE) -> 0 | L40: =+SUM(M40:M43) -> 0 | M40: =+IF((SUM($D40:$H40)=0),(V$13/$AA$13)*$K40,(E40/$I40)*$K40) -> 0 | N40: =+IF((SUM($D40:$H40)=0),(W$13/$AA$13)*$K40,(F40/$I40)*$K40) -> 0 | O40: =+IF((SUM($D40:$H40)=0),(X$13/$AA$13)*$K40,(G40/$I40)*$K40) -> 0 | P40: =+IF((SUM($D40:$H40)=0),(Y$13/$AA$13)*$K40,(H40/$I40)*$K40) -> 0
A41: Chilko | B41: 2019 | C41: 4 | F41: 4 | G41: 1 | I41: =SUM(D41:H41) -> 5 | J41: =+CONCATENATE(B41,".",C41) -> 2019.4 | K41: =+VLOOKUP(J41,'Corrected Esc by age'!G$7:H$402,2,FALSE) -> 1284.0488 | L41: =+SUM(N40:N43) -> 1027.239 | M41: =+IF((SUM($D41:$H41)=0),(V$14/$AA$14)*$K41,(E41/$I41)*$K41) -> 0 | N41: =+IF((SUM($D41:$H41)=0),(W$14/$AA$14)*$K41,(F41/$I41)*$K41) -> 1027.239 | O41: =+IF((SUM($D41:$H41)=0),(X$14/$AA$14)*$K41,(G41/$I41)*$K41) -> 256.80976 | P41: =+IF((SUM($D41:$H41)=0),(Y$14/$AA$14)*$K41,(H41/$I41)*$K41) -> 0
A42: Chilko | B42: 2019 | C42: 5 | G42: 2 | I42: =SUM(D42:H42) -> 2 | J42: =+CONCATENATE(B42,".",C42) -> 2019.5 | K42: =+VLOOKUP(J42,'Corrected Esc by age'!G$7:H$402,2,FALSE) -> 1031.1301 | L42: =+SUM(O40:O43) -> 1365.761 | M42: =+IF((SUM($D42:$H42)=0),(V$15/$AA$15)*$K42,(E42/$I42)*$K42) -> 0 | N42: =+IF((SUM($D42:$H42)=0),(W$15/$AA$15)*$K42,(F42/$I42)*$K42) -> 0 | O42: =+IF((SUM($D42:$H42)=0),(X$15/$AA$15)*$K42,(G42/$I42)*$K42) -> 1031.1301 | P42: =+IF((SUM($D42:$H42)=0),(Y$15/$AA$15)*$K42,(H42/$I42)*$K42) -> 0
A43: Chilko | B43: 2019 | C43: 6 | I43: =SUM(D43:H43) -> 0 | J43: =+CONCATENATE(B43,".",C43) -> 2019.6 | K43: =+VLOOKUP(J43,'Corrected Esc by age'!G$7:H$402,2,FALSE) -> 77.821138 | L43: =SUM(P40:P43) -> 0 | M43: =+IF((SUM($D43:$H43)=0),(V$16/$AA$16)*$K43,(E43/$I43)*$K43) -> 0 | N43: =+IF((SUM($D43:$H43)=0),(W$16/$AA$16)*$K43,(F43/$I43)*$K43) -> 0 | O43: =+IF((SUM($D43:$H43)=0),(X$16/$AA$16)*$K43,(G43/$I43)*$K43) -> 77.821138 | P43: =+IF((SUM($D43:$H43)=0),(Y$16/$AA$16)*$K43,(H43/$I43)*$K43) -> 0
A44: Chilko | B44: 2020 | C44: 3 | E44: 1 | I44: =SUM(D44:H44) -> 1 | J44: =+CONCATENATE(B44,".",C44) -> 2020.3 | K44: =+VLOOKUP(J44,'Corrected Esc by age'!G$7:H$402,2,FALSE) -> 136 | L44: =+SUM(M44:M47) -> 136 | M44: =+IF((SUM($D44:$H44)=0),(V$13/$AA$13)*$K44,(E44/$I44)*$K44) -> 136 | N44: =+IF((SUM($D44:$H44)=0),(W$13/$AA$13)*$K44,(F44/$I44)*$K44) -> 0 | O44: =+IF((SUM($D44:$H44)=0),(X$13/$AA$13)*$K44,(G44/$I44)*$K44) -> 0 | P44: =+IF((SUM($D44:$H44)=0),(Y$13/$AA$13)*$K44,(H44/$I44)*$K44) -> 0
A45: Chilko | B45: 2020 | C45: 4 | F45: 25 | G45: 3 | I45: =SUM(D45:H45) -> 28 | J45: =+CONCATENATE(B45,".",C45) -> 2020.4 | K45: =+VLOOKUP(J45,'Corrected Esc by age'!G$7:H$402,2,FALSE) -> 2013.3043 | L45: =+SUM(N44:N47) -> 1797.5931 | M45: =+IF((SUM($D45:$H45)=0),(V$14/$AA$14)*$K45,(E45/$I45)*$K45) -> 0 | N45: =+IF((SUM($D45:$H45)=0),(W$14/$AA$14)*$K45,(F45/$I45)*$K45) -> 1797.5931 | O45: =+IF((SUM($D45:$H45)=0),(X$14/$AA$14)*$K45,(G45/$I45)*$K45) -> 215.71117 | P45: =+IF((SUM($D45:$H45)=0),(Y$14/$AA$14)*$K45,(H45/$I45)*$K45) -> 0
A46: Chilko | B46: 2020 | C46: 5 | G46: 11 | I46: =SUM(D46:H46) -> 11 | J46: =+CONCATENATE(B46,".",C46) -> 2020.5 | K46: =+VLOOKUP(J46,'Corrected Esc by age'!G$7:H$402,2,FALSE) -> 4108.6957 | L46: =+SUM(O44:O47) -> 4324.4069 | M46: =+IF((SUM($D46:$H46)=0),(V$15/$AA$15)*$K46,(E46/$I46)*$K46) -> 0 | N46: =+IF((SUM($D46:$H46)=0),(W$15/$AA$15)*$K46,(F46/$I46)*$K46) -> 0 | O46: =+IF((SUM($D46:$H46)=0),(X$15/$AA$15)*$K46,(G46/$I46)*$K46) -> 4108.6957 | P46: =+IF((SUM($D46:$H46)=0),(Y$15/$AA$15)*$K46,(H46/$I46)*$K46) -> 0
A47: Chilko | B47: 2020 | C47: 6 | G47: 3 | I47: =SUM(D47:H47) -> 3 | J47: =+CONCATENATE(B47,".",C47) -> 2020.6 | K47: =+VLOOKUP(J47,'Corrected Esc by age'!G$7:H$402,2,FALSE) -> 0 | L47: =SUM(P44:P47) -> 0 | M47: =+IF((SUM($D47:$H47)=0),(V$16/$AA$16)*$K47,(E47/$I47)*$K47) -> 0 | N47: =+IF((SUM($D47:$H47)=0),(W$16/$AA$16)*$K47,(F47/$I47)*$K47) -> 0 | O47: =+IF((SUM($D47:$H47)=0),(X$16/$AA$16)*$K47,(G47/$I47)*$K47) -> 0 | P47: =+IF((SUM($D47:$H47)=0),(Y$16/$AA$16)*$K47,(H47/$I47)*$K47) -> 0
A48: Chilko | B48: 2021 | C48: 3 | E48: 5 | I48: =SUM(D48:H48) -> 5 | J48: =+CONCATENATE(B48,".",C48) -> 2021.3 | K48: =+VLOOKUP(J48,'Corrected Esc by age'!G$7:H$402,2,FALSE) -> 38.181818 | L48: =+SUM(M48:M51) -> 165.81785 | M48: =+IF((SUM($D48:$H48)=0),(V$13/$AA$13)*$K48,(E48/$I48)*$K48) -> 38.181818 | N48: =+IF((SUM($D48:$H48)=0),(W$13/$AA$13)*$K48,(F48/$I48)*$K48) -> 0 | O48: =+IF((SUM($D48:$H48)=0),(X$13/$AA$13)*$K48,(G48/$I48)*$K48) -> 0 | P48: =+IF((SUM($D48:$H48)=0),(Y$13/$AA$13)*$K48,(H48/$I48)*$K48) -> 0
A49: Chilko | B49: 2021 | C49: 4 | E49: 3 | F49: 73 | G49: 2 | I49: =SUM(D49:H49) -> 78 | J49: =+CONCATENATE(B49,".",C49) -> 2021.4 | K49: =+VLOOKUP(J49,'Corrected Esc by age'!G$7:H$402,2,FALSE) -> 3318.5367 | L49: =+SUM(N48:N51) -> 3105.81 | M49: =+IF((SUM($D49:$H49)=0),(V$14/$AA$14)*$K49,(E49/$I49)*$K49) -> 127.63603 | N49: =+IF((SUM($D49:$H49)=0),(W$14/$AA$14)*$K49,(F49/$I49)*$K49) -> 3105.81 | O49: =+IF((SUM($D49:$H49)=0),(X$14/$AA$14)*$K49,(G49/$I49)*$K49) -> 85.090685 | P49: =+IF((SUM($D49:$H49)=0),(Y$14/$AA$14)*$K49,(H49/$I49)*$K49) -> 0
A50: Chilko | B50: 2021 | C50: 5 | G50: 7 | I50: =SUM(D50:H50) -> 7 | J50: =+CONCATENATE(B50,".",C50) -> 2021.5 | K50: =+VLOOKUP(J50,'Corrected Esc by age'!G$7:H$402,2,FALSE) -> 1848.9065 | L50: =+SUM(O48:O51) -> 1949.3722 | M50: =+IF((SUM($D50:$H50)=0),(V$15/$AA$15)*$K50,(E50/$I50)*$K50) -> 0 | N50: =+IF((SUM($D50:$H50)=0),(W$15/$AA$15)*$K50,(F50/$I50)*$K50) -> 0 | O50: =+IF((SUM($D50:$H50)=0),(X$15/$AA$15)*$K50,(G50/$I50)*$K50) -> 1848.9065 | P50: =+IF((SUM($D50:$H50)=0),(Y$15/$AA$15)*$K50,(H50/$I50)*$K50) -> 0
A51: Chilko | B51: 2021 | C51: 6 | I51: =SUM(D51:H51) -> 0 | J51: =+CONCATENATE(B51,".",C51) -> 2021.6 | K51: =+VLOOKUP(J51,'Corrected Esc by age'!G$7:H$402,2,FALSE) -> 15.375 | L51: =SUM(P48:P51) -> 0 | M51: =+IF((SUM($D51:$H51)=0),(V$16/$AA$16)*$K51,(E51/$I51)*$K51) -> 0 | N51: =+IF((SUM($D51:$H51)=0),(W$16/$AA$16)*$K51,(F51/$I51)*$K51) -> 0 | O51: =+IF((SUM($D51:$H51)=0),(X$16/$AA$16)*$K51,(G51/$I51)*$K51) -> 15.375 | P51: =+IF((SUM($D51:$H51)=0),(Y$16/$AA$16)*$K51,(H51/$I51)*$K51) -> 0
A52: Chilko | B52: 2022 | C52: 3 | E52: 0 | F52: 1 | G52: 0 | I52: =SUM(D52:H52) -> 1 | J52: =+CONCATENATE(B52,".",C52) -> 2022.3 | K52: =+VLOOKUP(J52,'Corrected Esc by age'!G$7:H$402,2,FALSE) -> 316.81132 | L52: =+SUM(M52:M55) -> 0 | M52: =+IF((SUM($D52:$H52)=0),(V$13/$AA$13)*$K52,(E52/$I52)*$K52) -> 0 | N52: =+IF((SUM($D52:$H52)=0),(W$13/$AA$13)*$K52,(F52/$I52)*$K52) -> 316.81132 | O52: =+IF((SUM($D52:$H52)=0),(X$13/$AA$13)*$K52,(G52/$I52)*$K52) -> 0 | P52: =+IF((SUM($D52:$H52)=0),(Y$13/$AA$13)*$K52,(H52/$I52)*$K52) -> 0
A53: Chilko | B53: 2022 | C53: 4 | E53: 0 | F53: 64 | G53: 3 | I53: =SUM(D53:H53) -> 67 | J53: =+CONCATENATE(B53,".",C53) -> 2022.4 | K53: =+VLOOKUP(J53,'Corrected Esc by age'!G$7:H$402,2,FALSE) -> 4246.8916 | L53: =+SUM(N52:N55) -> 4971.6484 | M53: =+IF((SUM($D53:$H53)=0),(V$14/$AA$14)*$K53,(E53/$I53)*$K53) -> 0 | N53: =+IF((SUM($D53:$H53)=0),(W$14/$AA$14)*$K53,(F53/$I53)*$K53) -> 4056.7322 | O53: =+IF((SUM($D53:$H53)=0),(X$14/$AA$14)*$K53,(G53/$I53)*$K53) -> 190.15932 | P53: =+IF((SUM($D53:$H53)=0),(Y$14/$AA$14)*$K53,(H53/$I53)*$K53) -> 0
A54: Chilko | B54: 2022 | C54: 5 | E54: 0 | F54: 2 | G54: 26 | I54: =SUM(D54:H54) -> 28 | J54: =+CONCATENATE(B54,".",C54) -> 2022.5 | K54: =+VLOOKUP(J54,'Corrected Esc by age'!G$7:H$402,2,FALSE) -> 8373.4678 | L54: =+SUM(O52:O55) -> 8024.3516 | M54: =+IF((SUM($D54:$H54)=0),(V$15/$AA$15)*$K54,(E54/$I54)*$K54) -> 0 | N54: =+IF((SUM($D54:$H54)=0),(W$15/$AA$15)*$K54,(F54/$I54)*$K54) -> 598.10484 | O54: =+IF((SUM($D54:$H54)=0),(X$15/$AA$15)*$K54,(G54/$I54)*$K54) -> 7775.363 | P54: =+IF((SUM($D54:$H54)=0),(Y$15/$AA$15)*$K54,(H54/$I54)*$K54) -> 0
A55: Chilko | B55: 2022 | C55: 6 | E55: 0 | F55: 0 | G55: 0 | I55: =SUM(D55:H55) -> 0 | J55: =+CONCATENATE(B55,".",C55) -> 2022.6 | K55: =+VLOOKUP(J55,'Corrected Esc by age'!G$7:H$402,2,FALSE) -> 58.829322 | L55: =SUM(P52:P55) -> 0 | M55: =+IF((SUM($D55:$H55)=0),(V$16/$AA$16)*$K55,(E55/$I55)*$K55) -> 0 | N55: =+IF((SUM($D55:$H55)=0),(W$16/$AA$16)*$K55,(F55/$I55)*$K55) -> 0 | O55: =+IF((SUM($D55:$H55)=0),(X$16/$AA$16)*$K55,(G55/$I55)*$K55) -> 58.829322 | P55: =+IF((SUM($D55:$H55)=0),(Y$16/$AA$16)*$K55,(H55/$I55)*$K55) -> 0
A56: Chilko | B56: 2023 | C56: 3 | E56: 7 | F56: 0 | G56: 0 | I56: =SUM(D56:H56) -> 7 | J56: =+CONCATENATE(B56,".",C56) -> 2023.3 | K56: =+VLOOKUP(J56,'Corrected Esc by age'!G$7:H$402,2,FALSE) -> 187.42857 | L56: =+SUM(M56:M59) -> 233.54608 | M56: =+IF((SUM($D56:$H56)=0),(V$13/$AA$13)*$K56,(E56/$I56)*$K56) -> 187.42857 | N56: =+IF((SUM($D56:$H56)=0),(W$13/$AA$13)*$K56,(F56/$I56)*$K56) -> 0 | O56: =+IF((SUM($D56:$H56)=0),(X$13/$AA$13)*$K56,(G56/$I56)*$K56) -> 0 | P56: =+IF((SUM($D56:$H56)=0),(Y$13/$AA$13)*$K56,(H56/$I56)*$K56) -> 0
A57: Chilko | B57: 2023 | C57: 4 | E57: 1 | F57: 54 | G57: 2 | I57: =SUM(D57:H57) -> 57 | J57: =+CONCATENATE(B57,".",C57) -> 2023.4 | K57: =+VLOOKUP(J57,'Corrected Esc by age'!G$7:H$402,2,FALSE) -> 2628.6981 | L57: =+SUM(N56:N59) -> 2490.3456 | M57: =+IF((SUM($D57:$H57)=0),(V$14/$AA$14)*$K57,(E57/$I57)*$K57) -> 46.117511 | N57: =+IF((SUM($D57:$H57)=0),(W$14/$AA$14)*$K57,(F57/$I57)*$K57) -> 2490.3456 | O57: =+IF((SUM($D57:$H57)=0),(X$14/$AA$14)*$K57,(G57/$I57)*$K57) -> 92.235022 | P57: =+IF((SUM($D57:$H57)=0),(Y$14/$AA$14)*$K57,(H57/$I57)*$K57) -> 0
A58: Chilko | B58: 2023 | C58: 5 | E58: 0 | F58: 0 | G58: 18 | I58: =SUM(D58:H58) -> 18 | J58: =+CONCATENATE(B58,".",C58) -> 2023.5 | K58: =+VLOOKUP(J58,'Corrected Esc by age'!G$7:H$402,2,FALSE) -> 4324.2639 | L58: =+SUM(O56:O59) -> 4457.1083 | M58: =+IF((SUM($D58:$H58)=0),(V$15/$AA$15)*$K58,(E58/$I58)*$K58) -> 0 | N58: =+IF((SUM($D58:$H58)=0),(W$15/$AA$15)*$K58,(F58/$I58)*$K58) -> 0 | O58: =+IF((SUM($D58:$H58)=0),(X$15/$AA$15)*$K58,(G58/$I58)*$K58) -> 4324.2639 | P58: =+IF((SUM($D58:$H58)=0),(Y$15/$AA$15)*$K58,(H58/$I58)*$K58) -> 0
A59: Chilko | B59: 2023 | C59: 6 | E59: 0 | F59: 0 | G59: 0 | I59: =SUM(D59:H59) -> 0 | J59: =+CONCATENATE(B59,".",C59) -> 2023.6 | K59: =+VLOOKUP(J59,'Corrected Esc by age'!G$7:H$402,2,FALSE) -> 40.609362 | L59: =SUM(P56:P59) -> 0 | M59: =+IF((SUM($D59:$H59)=0),(V$16/$AA$16)*$K59,(E59/$I59)*$K59) -> 0 | N59: =+IF((SUM($D59:$H59)=0),(W$16/$AA$16)*$K59,(F59/$I59)*$K59) -> 0 | O59: =+IF((SUM($D59:$H59)=0),(X$16/$AA$16)*$K59,(G59/$I59)*$K59) -> 40.609362 | P59: =+IF((SUM($D59:$H59)=0),(Y$16/$AA$16)*$K59,(H59/$I59)*$K59) -> 0
A60: Chilko | B60: 2024 | C60: 3 | I60: =SUM(D60:H60) -> 0 | J60: =+CONCATENATE(B60,".",C60) -> 2024.3 | K60: =+VLOOKUP(J60,'Corrected Esc by age'!G$7:H$402,2,FALSE) -> 230.63636 | L60: =+SUM(M60:M63) -> 214.16234 | M60: =+IF((SUM($D60:$H60)=0),(V$13/$AA$13)*$K60,(E60/$I60)*$K60) -> 214.16234 | N60: =+IF((SUM($D60:$H60)=0),(W$13/$AA$13)*$K60,(F60/$I60)*$K60) -> 16.474026 | O60: =+IF((SUM($D60:$H60)=0),(X$13/$AA$13)*$K60,(G60/$I60)*$K60) -> 0 | P60: =+IF((SUM($D60:$H60)=0),(Y$13/$AA$13)*$K60,(H60/$I60)*$K60) -> 0
A61: Chilko | B61: 2024 | C61: 4 | F61: 20 | G61: 1 | I61: =SUM(D61:H61) -> 21 | J61: =+CONCATENATE(B61,".",C61) -> 2024.4 | K61: =+VLOOKUP(J61,'Corrected Esc by age'!G$7:H$402,2,FALSE) -> 2012.2427 | L61: =+SUM(N60:N63) -> 3284.8609 | M61: =+IF((SUM($D61:$H61)=0),(V$14/$AA$14)*$K61,(E61/$I61)*$K61) -> 0 | N61: =+IF((SUM($D61:$H61)=0),(W$14/$AA$14)*$K61,(F61/$I61)*$K61) -> 1916.4216 | O61: =+IF((SUM($D61:$H61)=0),(X$14/$AA$14)*$K61,(G61/$I61)*$K61) -> 95.821079 | P61: =+IF((SUM($D61:$H61)=0),(Y$14/$AA$14)*$K61,(H61/$I61)*$K61) -> 0
A62: Chilko | B62: 2024 | C62: 5 | F62: 2 | G62: 1 | I62: =SUM(D62:H62) -> 3 | J62: =+CONCATENATE(B62,".",C62) -> 2024.5 | K62: =+VLOOKUP(J62,'Corrected Esc by age'!G$7:H$402,2,FALSE) -> 2027.9479 | L62: =+SUM(O60:O63) -> 795.97679 | M62: =+IF((SUM($D62:$H62)=0),(V$15/$AA$15)*$K62,(E62/$I62)*$K62) -> 0 | N62: =+IF((SUM($D62:$H62)=0),(W$15/$AA$15)*$K62,(F62/$I62)*$K62) -> 1351.9653 | O62: =+IF((SUM($D62:$H62)=0),(X$15/$AA$15)*$K62,(G62/$I62)*$K62) -> 675.98263 | P62: =+IF((SUM($D62:$H62)=0),(Y$15/$AA$15)*$K62,(H62/$I62)*$K62) -> 0
A63: Chilko | B63: 2024 | C63: 6 | I63: =SUM(D63:H63) -> 0 | J63: =+CONCATENATE(B63,".",C63) -> 2024.6 | K63: =+VLOOKUP(J63,'Corrected Esc by age'!G$7:H$402,2,FALSE) -> 24.173077 | L63: =SUM(P60:P63) -> 0 | M63: =+IF((SUM($D63:$H63)=0),(V$16/$AA$16)*$K63,(E63/$I63)*$K63) -> 0 | N63: =+IF((SUM($D63:$H63)=0),(W$16/$AA$16)*$K63,(F63/$I63)*$K63) -> 0 | O63: =+IF((SUM($D63:$H63)=0),(X$16/$AA$16)*$K63,(G63/$I63)*$K63) -> 24.173077 | P63: =+IF((SUM($D63:$H63)=0),(Y$16/$AA$16)*$K63,(H63/$I63)*$K63) -> 0

Sheet Age-specific Escapement Sum
A1: Stratum | B1: (Multiple Items)
A2: Location | B2: River and Hatchery
AR3: Location | AS3: River and Hatchery
B4: Values | G4: percent | Z4: Brood Year | BD4: By Sex | BH4: By Cohort Escapement
A5: Year | B5: Sum of Raw_ESC_Age-3 | C5: Sum of Raw_ESC_Age-4 | D5: Sum of Raw_ESC_Age-5 | E5: Sum of Raw_ESC_Age-6 | F5: total | G5: 32 | H5: 42 | I5: 52 | J5: 62 | M5: Brood Year | N5: Age-32 | O5: Age-42 | P5: Age-52 | Q5: Age-62 | S5: Return Year | T5: Age-32 | U5: Age-42 | V5: Age-52 | W5: Age-62 | Y5: Return Year | Z5: 2004 | AA5: =1+Z5 -> 2005 | AB5: =1+AA5 -> 2006 | AC5: =1+AB5 -> 2007 | AD5: =1+AC5 -> 2008 | AE5: =1+AD5 -> 2009 | AF5: =1+AE5 -> 2010 | AG5: =1+AF5 -> 2011 | AH5: 2012 | AI5: 2013 | AJ5: 2014 | AK5: 2015 | AL5: 2016 | AM5: 2017 | AN5: 2018 | AO5: 2019 | AP5: 2020 | AQ5: 2021 | AS5: Values | AY5: Brood Year | AZ5: Age 3 | BA5: Age 4 | BB5: Age 5 | BC5: Age 6 | BD5: Age 3 | BE5: Age 4 | BF5: Age 5 | BG5: Age 6 | BH5: Age 3 | BI5: Age 4 | BJ5: Age 5 | BK5: Age 6
A6: 2010 | B6: 44.751014 | C6: 3880.8799 | D6: 3241.3351 | E6: 351.03397 | F6: =SUM(B6:E6) -> 7518 | G6: =B6/SUM($B6:$E6) -> 0.0059525159 | H6: =C6/SUM($B6:$E6) -> 0.51621174 | I6: =D6/SUM($B6:$E6) -> 0.43114328 | J6: =E6/SUM($B6:$E6) -> 0.046692468 | M6: 2007 | N6: =+B6 -> 44.751014 | O6: =+C7 -> 1405.2216 | P6: =+D8 -> 2626.4035 | Q6: =+E9 -> 40.184392 | S6: =+A6 -> 2010 | T6: =+B6 -> 44.751014 | U6: =+C6 -> 3880.8799 | V6: =+D6 -> 3241.3351 | W6: =+E6 -> 351.03397 | Y6: =+S6 -> 2010 | Z6: =+W6 -> 351.03397 | AA6: =+V6 -> 3241.3351 | AB6: =+U6 -> 3880.8799 | AC6: =+T6 -> 44.751014 | AR6: Year | AS6: Sum of Raw_ESC_Age-3 | AT6: Sum of Raw_ESC_Age-4 | AU6: Sum of Raw_ESC_Age-5 | AV6: Sum of Raw_ESC_Age-6 | AX6: 2007 | AY6: Males | AZ6: =+AS17+AS26 -> 6.1368421 | BA6: =+AT18 -> 936.17835 | BB6: =+AU19 -> 3522.2525 | BC6: =+AV24 -> 10.60479 | BD6: =+AZ6/SUM($AZ6:$BC6) -> 0.0013713085 | BE6: =+BA6/SUM($AZ6:$BC6) -> 0.2091938 | BF6: =+BB6/SUM($AZ6:$BC6) -> 0.78706519 | BG6: =+BC6/SUM($AZ6:$BC6) -> 0.0023696942 | BH6: =+AZ6/SUM($AZ6:$BC7) -> 0.00095899012 | BI6: =+BA6/SUM($AZ6:$BC7) -> 0.14629443 | BJ6: =+BB6/SUM($AZ6:$BC7) -> 0.55041425 | BK6: =+BC6/SUM($AZ6:$BC7) -> 0.0016571861
A7: 2011 | B7: 19 | C7: 1405.2216 | D7: 6811.3084 | E7: 179.47002 | F7: =SUM(B7:E7) -> 8415 | G7: =B7/SUM($B7:$E7) -> 0.0022578728 | H7: =C7/SUM($B7:$E7) -> 0.16699009 | I7: =D7/SUM($B7:$E7) -> 0.80942464 | J7: =E7/SUM($B7:$E7) -> 0.021327393 | M7: 2008 | N7: =+B7 -> 19 | O7: =+C8 -> 1411.3555 | P7: =+D9 -> 1486.2445 | Q7: =+E10 -> 129.94476 | S7: =+A7 -> 2011 | T7: =+B7 -> 19 | U7: =+C7 -> 1405.2216 | V7: =+D7 -> 6811.3084 | W7: =+E7 -> 179.47002 | Y7: =+S7 -> 2011 | AA7: =+W7 -> 179.47002 | AB7: =+V7 -> 6811.3084 | AC7: =+U7 -> 1405.2216 | AD7: =+T7 -> 19 | AR7: Adult Females | AS7: 31.407582 | AT7: 11935.918 | AU7: 26932.444 | AV7: 766.23034 | AY7: Females | AZ7: =+AS8 -> 0 | BA7: =+AT9 -> 578.33697 | BB7: =+AU10 -> 1316.1866 | BC7: =+AV11 -> 29.579602 | BD7: =+AZ7/SUM($AZ7:$BC7) -> 0 | BE7: =+BA7/SUM($AZ7:$BC7) -> 0.30057482 | BF7: =+BB7/SUM($AZ7:$BC7) -> 0.68405199 | BG7: =+BC7/SUM($AZ7:$BC7) -> 0.015373189 | BH7: =+AZ7/SUM($AZ6:$BC7) -> 0 | BI7: =+BA7/SUM($AZ6:$BC7) -> 0.09037538 | BJ7: =+BB7/SUM($AZ6:$BC7) -> 0.20567743 | BK7: =+BC7/SUM($AZ6:$BC7) -> 0.004622336
A8: 2012 | B8: 176.92207 | C8: 1411.3555 | D8: 2626.4035 | E8: 72.318953 | F8: =SUM(B8:E8) -> 4287 | G8: =B8/SUM($B8:$E8) -> 0.041269436 | H8: =C8/SUM($B8:$E8) -> 0.32921751 | I8: =D8/SUM($B8:$E8) -> 0.61264369 | J8: =E8/SUM($B8:$E8) -> 0.016869362 | M8: 2009 | N8: =+B8 -> 176.92207 | O8: =+C9 -> 2495.8152 | P8: =+D10 -> 7388.9483 | Q8: =+E11 -> 97.690702 | S8: =+A8 -> 2012 | T8: =+B8 -> 176.92207 | U8: =+C8 -> 1411.3555 | V8: =+D8 -> 2626.4035 | W8: =+E8 -> 72.318953 | Y8: =+S8 -> 2012 | AB8: =+W8 -> 72.318953 | AC8: =+V8 -> 2626.4035 | AD8: =+U8 -> 1411.3555 | AE8: =+T8 -> 176.92207 | AR8: 2010 | AS8: 0 | AT8: 1511.6921 | AU8: 2088.7085 | AV8: 211.59936 | AX8: 2008 | AY8: Males | AZ8: =+AS18+AS27 -> 0 | BA8: =+AT19 -> 1416.1138 | BB8: =+AU20 -> 22477.151 | BC8: =+AV20 -> 730.90629 | BD8: =+AZ8/SUM($AZ8:$BC8) -> 0 | BE8: =+BA8/SUM($AZ8:$BC8) -> 0.057509094 | BF8: =+BB8/SUM($AZ8:$BC8) -> 0.91280843 | BG8: =+BC8/SUM($AZ8:$BC8) -> 0.029682472 | BH8: =+AZ8/SUM($AZ8:$BC9) -> 0 | BI8: =+BA8/SUM($AZ8:$BC9) -> 0.05375275 | BJ8: =+BB8/SUM($AZ8:$BC9) -> 0.85318616 | BK8: =+BC8/SUM($AZ8:$BC9) -> 0.02774369
A9: 2013 | B9: 400.7559 | C9: 2495.8152 | D9: 1486.2445 | E9: 40.184392 | F9: =SUM(B9:E9) -> 4423 | G9: =B9/SUM($B9:$E9) -> 0.090607259 | H9: =C9/SUM($B9:$E9) -> 0.56428109 | I9: =D9/SUM($B9:$E9) -> 0.33602633 | J9: =E9/SUM($B9:$E9) -> 0.009085325 | M9: 2010 | N9: =+B9 -> 400.7559 | O9: =+C10 -> 5816.2648 | P9: =+D11 -> 7530.9115 | Q9: =+E12 -> 308.707 | S9: =+A9 -> 2013 | T9: =+B9 -> 400.7559 | U9: =+C9 -> 2495.8152 | V9: =+D9 -> 1486.2445 | W9: =+E9 -> 40.184392 | Y9: =+S9 -> 2013 | AC9: =+W9 -> 40.184392 | AD9: =+V9 -> 1486.2445 | AE9: =+U9 -> 2495.8152 | AF9: =+T9 -> 400.7559 | AR9: 2011 | AS9: 0 | AT9: 578.33697 | AU9: 4220.899 | AV9: 81.764009 | AY9: Females | AZ9: =+AS9 -> 0 | BA9: =+AT10 -> 720.72848 | BB9: =+AU11 -> 963.51119 | BC9: =+AV12 -> 36.544218 | BD9: =+AZ9/SUM($AZ9:$BC9) -> 0 | BE9: =+BA9/SUM($AZ9:$BC9) -> 0.4188373 | BF9: =+BB9/SUM($AZ9:$BC9) -> 0.55992574 | BG9: =+BC9/SUM($AZ9:$BC9) -> 0.021236959 | BH9: =+AZ9/SUM($AZ8:$BC9) -> 0 | BI9: =+BA9/SUM($AZ8:$BC9) -> 0.027357362 | BJ9: =+BB9/SUM($AZ8:$BC9) -> 0.036572891 | BK9: =+BC9/SUM($AZ8:$BC9) -> 0.0013871429
A10: 2014 | B10: 30.842105 | C10: 5816.2648 | D10: 7388.9483 | E10: 129.94476 | F10: =SUM(B10:E10) -> 13366 | G10: =B10/SUM($B10:$E10) -> 0.0023075045 | H10: =C10/SUM($B10:$E10) -> 0.43515374 | I10: =D10/SUM($B10:$E10) -> 0.55281672 | J10: =E10/SUM($B10:$E10) -> 0.0097220383 | M10: 2011 | N10: =+B10 -> 30.842105 | O10: =+C11 -> 3350.261 | P10: =+D12 -> 2613.9069 | Q10: =+E13 -> 200.94518 | S10: =+A10 -> 2014 | T10: =+B10 -> 30.842105 | U10: =+C10 -> 5816.2648 | V10: =+D10 -> 7388.9483 | W10: =+E10 -> 129.94476 | Y10: =+S10 -> 2014 | AD10: =+W10 -> 129.94476 | AE10: =+V10 -> 7388.9483 | AF10: =+U10 -> 5816.2648 | AG10: =+T10 -> 30.842105 | AR10: 2012 | AS10: 12.304348 | AT10: 720.72848 | AU10: 1316.1866 | AV10: 44.780593
A11: 2015 | B11: 19.136842 | C11: 3350.261 | D11: 7530.9115 | E11: 97.690702 | F11: =SUM(B11:E11) -> 10998 | G11: =B11/SUM($B11:$E11) -> 0.0017400293 | H11: =C11/SUM($B11:$E11) -> 0.30462457 | I11: =D11/SUM($B11:$E11) -> 0.68475282 | J11: =E11/SUM($B11:$E11) -> 0.0088825879 | M11: 2012 | N11: =+B11 -> 19.136842 | O11: =+C12 -> 1251.3861 | P11: =+D13 -> 1940.5083 | Q11: =+E14 -> 42.637323 | S11: 2015 | T11: =+B11 -> 19.136842 | U11: =+C11 -> 3350.261 | V11: =+D11 -> 7530.9115 | W11: =+E11 -> 97.690702 | Y11: =+S11 -> 2015 | AE11: =W11 -> 97.690702 | AF11: =V11 -> 7530.9115 | AG11: =U11 -> 3350.261 | AH11: =T11 -> 19.136842 | AR11: 2013 | AS11: 14.103234 | AT11: 1085.806 | AU11: 963.51119 | AV11: 29.579602
A12: 2016 | B12: 109 | C12: 1251.3861 | D12: 2613.9069 | E12: 308.707 | F12: =SUM(B12:E12) -> 4283 | G12: =B12/SUM($B12:$E12) -> 0.025449451 | H12: =C12/SUM($B12:$E12) -> 0.29217514 | I12: =D12/SUM($B12:$E12) -> 0.61029813 | J12: =E12/SUM($B12:$E12) -> 0.072077282 | M12: 2013 | N12: =+B12 -> 109 | O12: =+C13 -> 1540.0465 | P12: =+D14 -> 1049.9035 | Q12: =+E15 -> 77.821138 | S12: 2016 | T12: =+B12 -> 109 | U12: =+C12 -> 1251.3861 | V12: =+D12 -> 2613.9069 | W12: =+E12 -> 308.707 | Y12: =+S12 -> 2016 | AF12: =W12 -> 308.707 | AG12: =V12 -> 2613.9069 | AH12: =U12 -> 1251.3861 | AI12: =T12 -> 109 | AR12: 2014 | AS12: 0 | AT12: 2065.2224 | AU12: 4063.2333 | AV12: 36.544218
A13: 2017 | B13: 16.5 | C13: 1540.0465 | D13: 1940.5083 | E13: 200.94518 | F13: =SUM(B13:E13) -> 3698 | G13: =B13/SUM($B13:$E13) -> 0.0044618713 | H13: =C13/SUM($B13:$E13) -> 0.4164539 | I13: =D13/SUM($B13:$E13) -> 0.52474535 | J13: =E13/SUM($B13:$E13) -> 0.05433888 | M13: 2014 | N13: =+B13 -> 16.5 | O13: =+C14 -> 1203.4591 | P13: =+D15 -> 1059.0301 | Q13: =+E16 -> 0 | S13: 2017 | T13: =+B13 -> 16.5 | U13: =+C13 -> 1540.0465 | V13: =+D13 -> 1940.5083 | W13: =+E13 -> 200.94518 | Y13: =+S13 -> 2017 | AG13: =W13 -> 200.94518 | AH13: =V13 -> 1940.5083 | AI13: =U13 -> 1540.0465 | AJ13: =T13 -> 16.5 | AR13: 2015 | AS13: 0 | AT13: 1597.9014 | AU13: 4454.6408 | AV13: 41.457834
A14: 2018 | B14: 0 | C14: 1203.4591 | D14: 1049.9035 | E14: 42.637323 | F14: =SUM(B14:E14) -> 2296 | G14: =B14/SUM($B14:$E14) -> 0 | H14: =C14/SUM($B14:$E14) -> 0.52415467 | I14: =D14/SUM($B14:$E14) -> 0.45727506 | J14: =E14/SUM($B14:$E14) -> 0.018570263 | M14: 2015 | N14: =+B14 -> 0 | O14: =+C15 -> 1349.1488 | P14: =+D16 -> 4193.7759 | Q14: =+E17 -> 15.375 | S14: 2018 | T14: =+B14 -> 0 | U14: =+C14 -> 1203.4591 | V14: =+D14 -> 1049.9035 | W14: =+E14 -> 42.637323 | Y14: =+S14 -> 2018 | AH14: =W14 -> 42.637323 | AI14: =V14 -> 1049.9035 | AJ14: =U14 -> 1203.4591 | AK14: =T14 -> 0 | AR14: 2016 | AS14: 0 | AT14: 426.475 | AU14: 1398.018 | AV14: 132.507
A15: 2019 | B15: 0 | C15: 1349.1488 | D15: 1059.0301 | E15: 77.821138 | F15: =SUM(B15:E15) -> 2486 | G15: =B15/SUM($B15:$E15) -> 0 | H15: =C15/SUM($B15:$E15) -> 0.54269862 | I15: =D15/SUM($B15:$E15) -> 0.42599762 | J15: =E15/SUM($B15:$E15) -> 0.031303756 | M15: 2016 | N15: =+B15 -> 0 | O15: =+C16 -> 2118.2241 | P15: =+D17 -> 1879.0978 | Q15: =+E18 -> 58.829322 | S15: 2019 | T15: =+B15 -> 0 | U15: =+C15 -> 1349.1488 | V15: =+D15 -> 1059.0301 | W15: =+E15 -> 77.821138 | Y15: =+S15 -> 2019 | AI15: =W15 -> 77.821138 | AJ15: =V15 -> 1059.0301 | AK15: =U15 -> 1349.1488 | AL15: =T15 -> 0 | AR15: 2017 | AS15: 5 | AT15: 378.85976 | AU15: 1097.022 | AV15: 87.118293
A16: 2020 | B16: 143 | C16: 2118.2241 | D16: 4193.7759 | E16: 0 | F16: =SUM(B16:E16) -> 6455 | G16: =B16/SUM($B16:$E16) -> 0.022153369 | H16: =C16/SUM($B16:$E16) -> 0.32815245 | I16: =D16/SUM($B16:$E16) -> 0.64969418 | J16: =E16/SUM($B16:$E16) -> 0 | M16: 2017 | N16: =+B16 -> 143 | O16: =+C17 -> 3679.8311 | P16: =+D18 -> 8647.252 | Q16: =+E19 -> 40.609362 | S16: 2020 | T16: =+B16 -> 143 | U16: =+C16 -> 2118.2241 | V16: =+D16 -> 4193.7759 | W16: =+E16 -> 0 | Y16: =+S16 -> 2020 | AJ16: =W16 -> 0 | AK16: =V16 -> 4193.7759 | AL16: =U16 -> 2118.2241 | AM16: =T16 -> 143 | AR16: 2018 | AS16: 0 | AT16: 527.72725 | AU16: 678.40199 | AV16: 33.87076
A17: 2021 | B17: 99.696104 | C17: 3679.8311 | D17: 1879.0978 | E17: 15.375 | F17: =SUM(B17:E17) -> 5674 | G17: =B17/SUM($B17:$E17) -> 0.017570692 | H17: =C17/SUM($B17:$E17) -> 0.64854267 | I17: =D17/SUM($B17:$E17) -> 0.33117691 | J17: =E17/SUM($B17:$E17) -> 0.0027097286 | M17: 2018 | N17: =+B17 -> 99.696104 | O17: =+C18 -> 4837.1074 | P17: =+D19 -> 4423.655 | Q17: =+E20 -> 24.173077 | S17: 2021 | T17: =+B17 -> 99.696104 | U17: =+C17 -> 3679.8311 | V17: =+D17 -> 1879.0978 | W17: =+E17 -> 15.375 | Y17: =+S17 -> 2021 | AK17: =W17 -> 15.375 | AL17: =V17 -> 1879.0978 | AM17: =U17 -> 3679.8311 | AN17: =T17 -> 99.696104 | AR17: 2020 | AS17: 0 | AT17: 690.87635 | AU17: 2187.1236 | AV17: 0
A18: 2022 | B18: 331.81132 | C18: 4837.1074 | D18: 8647.252 | E18: 58.829322 | F18: =SUM(B18:E18) -> 13875 | G18: =B18/SUM($B18:$E18) -> 0.023914329 | H18: =C18/SUM($B18:$E18) -> 0.34862035 | I18: =D18/SUM($B18:$E18) -> 0.62322537 | J18: =E18/SUM($B18:$E18) -> 0.0042399512 | M18: 2019 | N18: =+B18 -> 331.81132 | O18: =+C19 -> 2933.3071 | P18: =+D20 -> 2055.6979 | S18: 2022 | T18: =+B18 -> 331.81132 | U18: =+C18 -> 4837.1074 | V18: =+D18 -> 8647.252 | W18: =+E18 -> 58.829322 | Y18: =+S18 -> 2022 | AL18: =W18 -> 58.829322 | AM18: =V18 -> 8647.252 | AN18: =U18 -> 4837.1074 | AO18: =T18 -> 331.81132 | AR18: 2021 | AS18: 0 | AT18: 936.17835 | AU18: 942.44665 | AV18: 15.375
A19: 2023 | B19: 351.42857 | C19: 2933.3071 | D19: 4423.655 | E19: 40.609362 | F19: =SUM(B19:E19) -> 7749 | G19: =B19/SUM($B19:$E19) -> 0.045351474 | H19: =C19/SUM($B19:$E19) -> 0.37854008 | I19: =D19/SUM($B19:$E19) -> 0.57086785 | J19: =E19/SUM($B19:$E19) -> 0.0052405938 | M19: 2020 | N19: =+B19 -> 351.42857 | O19: =+C20 -> 2665.4927 | S19: 2023 | T19: =+B19 -> 351.42857 | U19: =+C19 -> 2933.3071 | V19: =+D19 -> 4423.655 | W19: =+E19 -> 40.609362 | Y19: =+S19 -> 2023 | AN19: =V19 -> 4423.655 | AO19: =U19 -> 2933.3071 | AP19: =T19 -> 351.42857 | AR19: 2022 | AS19: 0 | AT19: 1416.1138 | AU19: 3522.2525 | AV19: 51.63367
A20: 2024 | B20: 230.63636 | C20: 2665.4927 | D20: 2055.6979 | E20: 24.173077 | F20: =SUM(B20:E20) -> 4976 | G20: =B20/SUM($B20:$E20) -> 0.046349752 | H20: =C20/SUM($B20:$E20) -> 0.53566975 | I20: =D20/SUM($B20:$E20) -> 0.41312257 | J20: =E20/SUM($B20:$E20) -> 0.0048579335 | M20: 2021 | N20: =+B20 -> 230.63636 | S20: 2024 | T20: =+B20 -> 230.63636 | U20: =+C20 -> 2665.4927 | V20: =+D20 -> 2055.6979 | W20: =+E20 -> 24.173077 | Y20: =+S20 -> 2024 | AN20: =W20 -> 24.173077 | AO20: =V20 -> 2055.6979 | AP20: =U20 -> 2665.4927 | AR20: Adult Males | AS20: 617.2298 | AT20: 20829.712 | AU20: 22477.151 | AV20: 730.90629
A21: Grand Total | B21: 1973.4803 | C21: 39937.801 | D21: 56947.979 | E21: 1639.7402 | AR21: 2010 | AS21: 37.751014 | AT21: 2348.1877 | AU21: 1152.6266 | AV21: 139.43461
AR22: 2011 | AS22: 0 | AT22: 826.88464 | AU22: 2590.4094 | AV22: 97.706007
AR23: 2012 | AS23: 132.61772 | AT23: 690.62698 | AU23: 1310.2169 | AV23: 27.53836
AR24: 2013 | AS24: 207.80652 | AT24: 1396.8554 | AU24: 522.73326 | AV24: 10.60479
AR25: 2014 | AS25: 10.842105 | AT25: 3751.0424 | AU25: 3325.715 | AV25: 93.400547
AR26: 2015 | AS26: 6.1368421 | AT26: 1752.3596 | AU26: 3076.2707 | AV26: 56.232868
AR27: 2016 | AS27: 0 | AT27: 824.91111 | AU27: 1215.8889 | AV27: 176.2
AR28: 2017 | AS28: 3 | AT28: 1152.6868 | AU28: 843.48634 | AV28: 113.82689
AR29: 2018 | AS29: 0 | AT29: 659.73188 | AU29: 371.50155 | AV29: 8.7665631
AR30: 2020 | AS30: 0 | AT30: 1427.3477 | AU30: 2006.6523 | AV30: 0
AR31: 2021 | AS31: 3.5142857 | AT31: 2641.8346 | AU31: 936.65113 | AV31: 0
AR32: 2022 | AS32: 215.56132 | AT32: 3357.2436 | AU32: 5124.9994 | AV32: 7.1956522
AR33: Jacks | AS33: 742.77797 | AT33: 224.22203 | AU33: 0 | AV33: 0
AR34: 2010 | AS34: 7 | AT34: 21 | AU34: 0 | AV34: 0
AR35: 2011 | AS35: 19 | AT35: 0 | AU35: 0 | AV35: 0
AR36: 2012 | AS36: 32 | AT36: 0 | AU36: 0 | AV36: 0
AR37: 2013 | AS37: 178.84615 | AT37: 13.153846 | AU37: 0 | AV37: 0
AR38: 2014 | AS38: 20 | AT38: 0 | AU38: 0 | AV38: 0
AR39: 2015 | AS39: 13 | AT39: 0 | AU39: 0 | AV39: 0
AR40: 2016 | AS40: 109 | AT40: 0 | AU40: 0 | AV40: 0
AR41: 2017 | AS41: 8.5 | AT41: 8.5 | AU41: 0 | AV41: 0
AR42: 2018 | AS42: 0 | AT42: 16 | AU42: 0 | AV42: 0
AR43: 2020 | AS43: 143 | AT43: 0 | AU43: 0 | AV43: 0
AR44: 2021 | AS44: 96.181818 | AT44: 101.81818 | AU44: 0 | AV44: 0
AR45: 2022 | AS45: 116.25 | AT45: 63.75 | AU45: 0 | AV45: 0
AR46: Adults | AS46: 0 | AT46: 1349.1488 | AU46: 1059.0301 | AV46: 77.821138
AR47: 2019 | AS47: 0 | AT47: 1349.1488 | AU47: 1059.0301 | AV47: 77.821138
AR48: Grand Total | AS48: 1391.4154 | AT48: 34339.001 | AU48: 50468.626 | AV48: 1574.9578

Sheet Notes
A2: Unclipped petersen tagged stratum Estimate = tags applied
A3: Clipped aged totals may also be petersen tagged
A7: 2017
A8: One CWT was recovered. This fish was caught while seining and culled to sample the head. The fish was 50.1 cm, making it fall into the large male category. Age results showed the fish to be a jack, which was expected due to the first cwt release being from the 2014 brood.
A9: spreadsheet converted to this version. Old sheet did not have any hatchery info or scale/cwt correction
A10: Fish sacrificed at application are included in the hatchery removals rows
A12: 2018
A13: scale results show high number of 31 and 41 ages. These ages are NOT included in this spreadsheet. Scale re-reads of the sub 1s were done by the lab, only a few were changed
A15: Count of GR-Age | B15: Column Labels
A16: Row Labels | B16: 31 | C16: 41 | D16: 42 | E16: 52 | F16: 53 | G16: 62 | H16: Grand Total
A17: F | B17: 3 | C17: 32 | D17: 131 | E17: 169 | G17: 10 | H17: 345
A18: J | D18: 1 | H18: 1
A19: M | B19: 11 | C19: 17 | D19: 139 | E19: 77 | F19: 1 | G19: 2 | H19: 247
A20: Grand Total | B20: 14 | C20: 49 | D20: 271 | E20: 246 | F20: 1 | G20: 12 | H20: 593
A22: the one jack with scale sample results says it was age 42. The poh was 38cm, the age does not seem right. This causes all the jacks to correct to age 42
A24: the three aged 31 females had poh lengths of over 57cm, which does not seem to match the age results. These fish are not used in the spreadsheet anyways as they are sub 1's
A26: Fish sacrificed at application are included in the hatchery removals rows
A29: 2019
A30: No mark recapture conducted due to Big Bar Slide. Calibrated peak count estimate used.
A31: No estimate by sex.
A32: See below for age breakdown by sex
A33: One 32 (jack) not included due to no jack estimate
G34: Age Samples from Scales or CWTs (only for AFC strata) | L34: Uncorrected Escapement by Age and Stratum
A35: Location | B35: Stratum | C35: AFC Status | D35: Petersen Tagged | E35: Year | F35: Stratum Estimate | G35: Age-3 | H35: Age-4 | I35: Age-5 | J35: Age-6 | K35: Raw_ESC_Age-3 | L35: Raw_ESC_Age-4 | M35: Raw_ESC_Age-5 | N35: Raw_ESC_Age-6
A36: River | B36: Adult Males | C36: Clipped | D36: NA | E36: 2019 | H36: 1 | I36: 1 | K36: =+(G36/(SUM($G36:$J36)))*$F36 -> 0 | L36: =+(H36/(SUM($G36:$J36)))*$F36 -> 0 | M36: =+(I36/(SUM($G36:$J36)))*$F36 -> 0 | N36: =+(J36/(SUM($G36:$J36)))*$F36 -> 0
A37: River | B37: Adult Males | C37: Unclipped | D37: Petersen Tagged | E37: 2019 | K37: =+(G37/(SUM($G37:$J37)))*$F37 -> #DIV/0! | L37: =+(H37/(SUM($G37:$J37)))*$F37 -> #DIV/0! | M37: =+(I37/(SUM($G37:$J37)))*$F37 -> #DIV/0! | N37: =+(J37/(SUM($G37:$J37)))*$F37 -> #DIV/0!
A38: River | B38: Adult Males | C38: Unclipped | D38: No Petersen Tag | E38: 2019 | F38: =+F41-SUM(F36:F37) -> 0 | H38: 31 | I38: 13 | J38: 2 | K38: =+(G38/(SUM($G38:$J38)))*$F38 -> 0 | L38: =+(H38/(SUM($G38:$J38)))*$F38 -> 0 | M38: =+(I38/(SUM($G38:$J38)))*$F38 -> 0 | N38: =+(J38/(SUM($G38:$J38)))*$F38 -> 0
A39: Hatchery | B39: Adult Males | C39: Clipped | D39: No Petersen Tag | E39: 2019 | K39: =+IF($F39=0,0,(G39/(SUM($G39:$J39)))*$F39) -> 0 | L39: =+IF($F39=0,0,(H39/(SUM($G39:$J39)))*$F39) -> 0 | M39: =+IF($F39=0,0,(I39/(SUM($G39:$J39)))*$F39) -> 0 | N39: =+IF($F39=0,0,(J39/(SUM($G39:$J39)))*$F39) -> 0
A40: Hatchery | B40: Adult Males | C40: Unclipped | D40: No Petersen Tag | E40: 2019 | K40: =+IF(G40="",(G38/(SUM($G38:$J38)))*$F40,(G40/(SUM($G40:$J40)))*$F40) -> 0 | L40: =+IF(H40="",(H38/(SUM($G38:$J38)))*$F40,(H40/(SUM($G40:$J40)))*$F40) -> 0 | M40: =+IF(I40="",(I38/(SUM($G38:$J38)))*$F40,(I40/(SUM($G40:$J40)))*$F40) -> 0 | N40: =+IF(J40="",(J38/(SUM($G38:$J38)))*$F40,(J40/(SUM($G40:$J40)))*$F40) -> 0
A41: River | B41: Adult Males | C41: both | D41: both | E41: 2019 | K41: =+SUM(K36:K38) -> #DIV/0! | L41: =+SUM(L36:L38) -> #DIV/0! | M41: =+SUM(M36:M38) -> #DIV/0! | N41: =+SUM(N36:N38) -> #DIV/0!
A42: River and Hatchery | B42: Adult Males | C42: both | D42: both | E42: 2019 | F42: =F41+SUM(F39:F40) -> 0 | K42: =SUM(K36:K40) -> #DIV/0! | L42: =SUM(L36:L40) -> #DIV/0! | M42: =SUM(M36:M40) -> #DIV/0! | N42: =SUM(N36:N40) -> #DIV/0!
A44: River | B44: Adult Females | C44: Clipped | D44: NA | E44: 2019 | H44: 6 | I44: 2 | K44: =+(G44/(SUM($G44:$J44)))*$F44 -> 0 | L44: =+(H44/(SUM($G44:$J44)))*$F44 -> 0 | M44: =+(I44/(SUM($G44:$J44)))*$F44 -> 0 | N44: =+(J44/(SUM($G44:$J44)))*$F44 -> 0
A45: River | B45: Adult Females | C45: Unclipped | D45: Petersen Tagged | E45: 2019 | K45: =+(G45/(SUM($G45:$J45)))*$F45 -> #DIV/0! | L45: =+(H45/(SUM($G45:$J45)))*$F45 -> #DIV/0! | M45: =+(I45/(SUM($G45:$J45)))*$F45 -> #DIV/0! | N45: =+(J45/(SUM($G45:$J45)))*$F45 -> #DIV/0!
A46: River | B46: Adult Females | C46: Unclipped | D46: No Petersen Tag | E46: 2019 | F46: =+F49-SUM(F44:F45) -> 0 | H46: 35 | I46: 40 | J46: 2 | K46: =+(G46/(SUM($G46:$J46)))*$F46 -> 0 | L46: =+(H46/(SUM($G46:$J46)))*$F46 -> 0 | M46: =+(I46/(SUM($G46:$J46)))*$F46 -> 0 | N46: =+(J46/(SUM($G46:$J46)))*$F46 -> 0
A47: Hatchery | B47: Adult Females | C47: Clipped | D47: No Petersen Tag | E47: 2019 | K47: =+IF($F47=0,0,(G47/(SUM($G47:$J47)))*$F47) -> 0 | L47: =+IF($F47=0,0,(H47/(SUM($G47:$J47)))*$F47) -> 0 | M47: =+IF($F47=0,0,(I47/(SUM($G47:$J47)))*$F47) -> 0 | N47: =+IF($F47=0,0,(J47/(SUM($G47:$J47)))*$F47) -> 0
A48: Hatchery | B48: Adult Females | C48: Unclipped | D48: No Petersen Tag | E48: 2019 | K48: =+IF(G48="",(G46/(SUM($G46:$J46)))*$F48,(G48/(SUM($G48:$J48)))*$F48) -> 0 | L48: =+IF(H48="",(H46/(SUM($G46:$J46)))*$F48,(H48/(SUM($G48:$J48)))*$F48) -> 0 | M48: =+IF(I48="",(I46/(SUM($G46:$J46)))*$F48,(I48/(SUM($G48:$J48)))*$F48) -> 0 | N48: =+IF(J48="",(J46/(SUM($G46:$J46)))*$F48,(J48/(SUM($G48:$J48)))*$F48) -> 0
A49: River | B49: Adult Females | C49: both | D49: both | E49: 2019 | K49: =+SUM(K44:K46) -> #DIV/0! | L49: =+SUM(L44:L46) -> #DIV/0! | M49: =+SUM(M44:M46) -> #DIV/0! | N49: =+SUM(N44:N46) -> #DIV/0!
A50: River and Hatchery | B50: Adult Females | C50: both | D50: both | E50: 2019 | F50: =F49+SUM(F47:F48) -> 0 | K50: =SUM(K44:K48) -> #DIV/0! | L50: =SUM(L44:L48) -> #DIV/0! | M50: =SUM(M44:M48) -> #DIV/0! | N50: =SUM(N44:N48) -> #DIV/0!
A52: River | B52: Jacks | C52: Clipped | D52: NA | E52: 2019
A53: River | B53: Jacks | C53: Unclipped | D53: Petersen Tagged | E53: 2019 | K53: =+IF(G53="",(G54/(SUM($G54:$J54)))*$F53,(G53/(SUM($G53:$J53)))*$F53) -> 0 | L53: =+IF(H53="",(H54/(SUM($G54:$J54)))*$F53,(H53/(SUM($G53:$J53)))*$F53) -> 0 | M53: =+IF(I53="",(I54/(SUM($G54:$J54)))*$F53,(I53/(SUM($G53:$J53)))*$F53) -> 0 | N53: =+IF(J53="",(J54/(SUM($G54:$J54)))*$F53,(J53/(SUM($G53:$J53)))*$F53) -> 0
A54: River | B54: Jacks | C54: Unclipped | D54: No Petersen Tag | E54: 2019 | F54: =+F57-SUM(F52:F53) -> 0 | G54: 1 | K54: =+(G54/(SUM($G54:$J54)))*$F54 -> 0 | L54: =+(H54/(SUM($G54:$J54)))*$F54 -> 0 | M54: =+(I54/(SUM($G54:$J54)))*$F54 -> 0 | N54: =+(J54/(SUM($G54:$J54)))*$F54 -> 0
A55: Hatchery | B55: Jacks | C55: Clipped | D55: No Petersen Tag | E55: 2019 | K55: =+IF($F55=0,0,(G55/(SUM($G55:$J55)))*$F55) -> 0 | L55: =+IF($F55=0,0,(H55/(SUM($G55:$J55)))*$F55) -> 0 | M55: =+IF($F55=0,0,(I55/(SUM($G55:$J55)))*$F55) -> 0 | N55: =+IF($F55=0,0,(J55/(SUM($G55:$J55)))*$F55) -> 0
A56: Hatchery | B56: Jacks | C56: Unclipped | D56: No Petersen Tag | E56: 2019 | K56: =+IF(G56="",(G54/(SUM($G54:$J54)))*$F56,(G56/(SUM($G56:$J56)))*$F56) -> 0 | L56: =+IF(H56="",(H54/(SUM($G54:$J54)))*$F56,(H56/(SUM($G56:$J56)))*$F56) -> 0 | M56: =+IF(I56="",(I54/(SUM($G54:$J54)))*$F56,(I56/(SUM($G56:$J56)))*$F56) -> 0 | N56: =+IF(J56="",(J54/(SUM($G54:$J54)))*$F56,(J56/(SUM($G56:$J56)))*$F56) -> 0
A57: River | B57: Jacks | C57: both | D57: both | E57: 2019 | K57: =+SUM(K52:K54) -> 0 | L57: =+SUM(L52:L54) -> 0 | M57: =+SUM(M52:M54) -> 0 | N57: =+SUM(N52:N54) -> 0
A58: River and Hatchery | B58: Jacks | C58: both | D58: both | E58: 2019 | F58: =F57+SUM(F55:F56) -> 0 | K58: =SUM(K52:K56) -> 0 | L58: =SUM(L52:L56) -> 0 | M58: =SUM(M52:M56) -> 0 | N58: =SUM(N52:N56) -> 0
A60: 2024
A61: One age 41 fish removed. Some scale ages incomplete - waiting on 4 more scale books from lab. Recommend using the average age correction factor over all years vs. from 2024 alone.
A62: Changed a mistake found with 2023 ages - "Unclipped Peterson Tagged" from river had swapped male and female values.

Sheet Sheet1
A3: Average of unclipped fish
A4: year | B4: age | C4: brood year | D4: identifier | E4: Total
A5: 2010 | B5: 3 | C5: 2007 | D5: 2010.3 | E5: 44.751014
B6: 4 | C6: 2006 | D6: 2010.4 | E6: 3880.8799
B7: 5 | C7: 2005 | D7: 2010.5 | E7: 3241.3351
B8: 6 | C8: 2004 | D8: 2010.6 | E8: 351.03397
A9: 2011 | B9: 3 | C9: 2008 | D9: 2011.3 | E9: 19
B10: 4 | C10: 2007 | D10: 2011.4 | E10: 1405.2216
B11: 5 | C11: 2006 | D11: 2011.5 | E11: 6811.3084
B12: 6 | C12: 2005 | D12: 2011.6 | E12: 179.47002
A13: 2012 | B13: 3 | C13: 2009 | D13: 2012.3 | E13: 176.92207
B14: 4 | C14: 2008 | D14: 2012.4 | E14: 1411.3555
B15: 5 | C15: 2007 | D15: 2012.5 | E15: 2626.4035
B16: 6 | C16: 2006 | D16: 2012.6 | E16: 72.318953
A17: 2013 | B17: 3 | C17: 2010 | D17: 2013.3 | E17: 400.7559
B18: 4 | C18: 2009 | D18: 2013.4 | E18: 2495.8152
B19: 5 | C19: 2008 | D19: 2013.5 | E19: 1486.2445
B20: 6 | C20: 2007 | D20: 2013.6 | E20: 40.184392
A21: 2014 | B21: 3 | C21: 2011 | D21: 2014.3 | E21: 30.842105
B22: 4 | C22: 2010 | D22: 2014.4 | E22: 5816.2648
B23: 5 | C23: 2009 | D23: 2014.5 | E23: 7388.9483
B24: 6 | C24: 2008 | D24: 2014.6 | E24: 129.94476
A25: 2015 | B25: 3 | C25: 2012 | D25: 2015.3 | E25: 19.136842
B26: 4 | C26: 2011 | D26: 2015.4 | E26: 3350.261
B27: 5 | C27: 2010 | D27: 2015.5 | E27: 7530.9115
B28: 6 | C28: 2009 | D28: 2015.6 | E28: 97.690702
A29: 2016 | B29: 3 | C29: 2013 | D29: 2016.3 | E29: 109
B30: 4 | C30: 2012 | D30: 2016.4 | E30: 1251.3861
B31: 5 | C31: 2011 | D31: 2016.5 | E31: 2613.9069
B32: 6 | C32: 2010 | D32: 2016.6 | E32: 308.707
A33: 2017 | B33: 3 | C33: 2014 | D33: 2017.3 | E33: 8.5
B34: 4 | C34: 2013 | D34: 2017.4 | E34: 1540.0465
B35: 5 | C35: 2012 | D35: 2017.5 | E35: 1940.5083
B36: 6 | C36: 2011 | D36: 2017.6 | E36: 200.94518
A37: 2018 | B37: 3 | C37: 2015 | D37: 2018.3 | E37: 0
B38: 4 | C38: 2014 | D38: 2018.4 | E38: 1125.4591
B39: 5 | C39: 2013 | D39: 2018.5 | E39: 1049.9035
B40: 6 | C40: 2012 | D40: 2018.6 | E40: 42.637323
A41: (blank) | B41: (blank) | C41: (blank) | D41: (blank)
A42: 2019 | B42: 3 | C42: 2016 | D42: 2019.3 | E42: 0
B43: 4 | C43: 2015 | D43: 2019.4 | E43: 1284.0488
B44: 5 | C44: 2014 | D44: 2019.5 | E44: 1031.1301
B45: 6 | C45: 2013 | D45: 2019.6 | E45: 77.821138
A46: Grand Total | E46: 1539.775

Sheet Cdn CWTs for ERA in 2021
A1: Tag Codes for the Canadian indicators up to BY 2008 (or 2007 depending on stock) to be used for the ERA and forecasts in 2011
A2: Included are:
A3: Standard indicator codes
A4: Codes used only for the base period calibration
A5: Additional codes for testing (new)
A7: Stock Acr | B7: BY | C7: CWT | D7: DIT? | E7: Clip Status | F7: BY | G7: indicator? | H7: Stock | I7: Stock Acronym | J7: Stock Site/Name | K7: Hatchery Site Code-Name | L7: Run Type | M7: Run Type Name | N7: Start Age | O7: Max Age | P7: Region | U7: brood_year | V7: tag_code_or_release_id
A8: ATN | B8: 1975 | C8: 020110 | D8: 5000 | F8: =+B8 -> 1975 | G8: Yes | H8: =A8 -> ATN | I8: ATN | J8: Atnarko R | K8: 0140-SNOOTLI CR | L8: 2 | M8: Summer | N8: 2 | O8: 6 | P8: North/Central Coast | U8: 1985 | V8: 023546 | W8: no
A9: ATN | B9: 1976 | C9: 022016 | D9: 5000 | F9: =+B9 -> 1976 | G9: Yes | H9: =A9 -> ATN | I9: BQR | J9: Big Qualicum R | K9: 0100-BIG QUALICUM R | L9: 3 | M9: Fall | N9: 2 | O9: 5 | P9: Lower Georgia Strait | U9: 1985 | V9: 023547 | W9: no
A10: ATN | B10: 1976 | C10: 022017 | D10: 5000 | F10: =+B10 -> 1976 | G10: Yes | H10: =A10 -> ATN | I10: CAP | J10: Capilano R | K10: 0103-Capilano R | L10: 3 | M10: Fall | N10: 2 | O10: 5 | P10: Lower Georgia Strait | Q10: Base period calibration only | U10: 1985 | V10: 023550 | W10: yes
A11: ATN | B11: 1976 | C11: 022018 | D11: 5000 | F11: =+B11 -> 1976 | G11: Yes | H11: =A11 -> ATN | I11: CHE | J11: Harrison R | K11: 0154-Chehalis River H | L11: 3 | M11: Fall | N11: 2 | O11: 5 | P11: Lower Fraser River | U11: 1985 | V11: 023551 | W11: yes
A12: ATN | B12: 1977 | C12: 022020 | D12: 5000 | F12: =+B12 -> 1977 | G12: Yes | H12: =A12 -> ATN | I12: CHI | J12: Chilliwack R | K12: 0107-CHILLIWACK R | L12: 3 | M12: Fall | N12: 2 | O12: 5 | P12: Lower Georgia Strait | U12: 1986 | V12: 024534 | W12: no
A13: ATN | B13: 1977 | C13: 022021 | D13: 5000 | F13: =+B13 -> 1977 | G13: Yes | H13: =A13 -> ATN | I13: CKO | J13: Chilko R | K13: 0272-Chilko R | L13: 1 | M13: Spring | N13: 3 | O13: 6 | P13: Upper Fraser River | Q13: Base period calibration only | U13: 1986 | V13: 024535 | W13: yes
A14: ATN | B14: 1977 | C14: 022022 | D14: 5000 | F14: =+B14 -> 1977 | G14: Yes | H14: =A14 -> ATN | I14: COW | J14: Cowichan R | K14: 0118-COWICHAN R | L14: 3 | M14: Fall | N14: 2 | O14: 5 | P14: Upper Fraser River | U14: 1987 | V14: 025338 | W14: no
A15: ATN | B15: 1978 | C15: 021732 | D15: 5000 | F15: =+B15 -> 1978 | G15: Yes | H15: =A15 -> ATN | I15: DOM | J15: Dome Cr | K15: 1890-DOME CR | L15: 1 | M15: Spring | N15: 3 | O15: 6 | P15: Lower Georgia Strait | U15: 1987 | V15: 025339 | W15: no
A16: ATN | B16: 1986 | C16: 024349 | D16: 5000 | F16: =+B16 -> 1986 | G16: Yes | H16: =A16 -> ATN | I16: KLM | J16: KitsumKalum R | K16: 0340-TERRACE | L16: 2 | M16: Summer | N16: 2 | O16: 6 | P16: North/Central Coast | U16: 1987 | V16: 025340 | W16: yes
A17: ATN | B17: 1986 | C17: 024350 | D17: 5000 | F17: =+B17 -> 1986 | G17: Yes | H17: =A17 -> ATN | I17: KIT | J17: Kitimat R | K17: 0146-Kitimat River H | L17: 1 | M17: Spring | N17: 3 | O17: 6 | P17: Central Coast | Q17: Base period calibration only | U17: 1987 | V17: 025341 | W17: yes
A18: ATN | B18: 1986 | C18: 024351 | D18: 5000 | F18: =+B18 -> 1986 | G18: Yes | H18: =A18 -> ATN | I18: NAN | J18: Nanaimo R | K18: 0126-NANAIMO R | L18: 3 | M18: Fall | N18: 2 | O18: 5 | P18: Lower Georgia Strait | U18: 1988 | V18: 025823 | W18: no
A19: ATN | B19: 1986 | C19: 024352 | D19: 5000 | F19: =+B19 -> 1986 | G19: Yes | H19: =A19 -> ATN | I19: NIC | J19: Nicola R | K19: 0253-NICOLA R | L19: 1 | M19: Spring | N19: 2 | O19: 5 | P19: Upper Fraser River | U19: 1988 | V19: 025824 | W19: no
A20: ATN | B20: 1986 | C20: 024353 | D20: 5000 | F20: =+B20 -> 1986 | G20: Yes | H20: =A20 -> ATN | I20: PPS | J20: Puntledge R | K20: 0105-PUNTLEDGE R | L20: 2 | M20: Summer | N20: 2 | O20: 5 | P20: Upper Georgia Strait | U20: 1988 | V20: 025825 | W20: yes
A21: ATN | B21: 1986 | C21: 024354 | D21: 5000 | F21: =+B21 -> 1986 | G21: Yes | H21: =A21 -> ATN | I21: QUI | J21: Quinsam R | K21: 0106-QUINSAM R | L21: 3 | M21: Fall | N21: 2 | O21: 5 | P21: Upper Fraser River | U21: 1988 | V21: 025826 | W21: yes
A22: ATN | B22: 1986 | C22: 024355 | D22: 5000 | F22: =+B22 -> 1986 | G22: Yes | H22: =A22 -> ATN | I22: QUI | J22: Quinsam R | K22: 0106-QUINSAM R | L22: 3 | M22: Fall | N22: 2 | O22: 5 | P22: Upper Georgia Strait | U22: 1989 | V22: 020423 | W22: no
A23: ATN | B23: 1986 | C23: 024356 | D23: 5000 | F23: =+B23 -> 1986 | G23: Yes | H23: =A23 -> ATN | I23: RBT | J23: Robertson Cr | K23: 0104-ROBERTSON CR | L23: 3 | M23: Fall | N23: 2 | O23: 5 | P23: West Coast Vancouver Island | U23: 1989 | V23: 020424 | W23: no
A24: ATN | B24: 1987 | C24: 025446 | D24: 5000 | F24: =+B24 -> 1987 | G24: Yes | H24: =A24 -> ATN | I24: SHU | J24: Lower Shuswap R | K24: 0161-LOWER SHUSWAP R | L24: 2 | M24: Summer | N24: 2 | O24: 5 | P24: Upper Fraser River | U24: 1989 | V24: 020425 | W24: yes
A25: ATN | B25: 1987 | C25: 025447 | D25: 5000 | F25: =+B25 -> 1987 | G25: Yes | H25: =A25 -> ATN | I25: SKE | J25: Skeena R | K25: 0119-Kispiox River H, 0142-Fulton River | L25: 3 | M25: Summer | N25: 2 | O25: 6 | P25: North/Central Coast | Q25: Base period calibration only | U25: 1989 | V25: 020426 | W25: yes
A26: ATN | B26: 1987 | C26: 025448 | D26: 5000 | F26: =+B26 -> 1987 | G26: Yes | H26: =A26 -> ATN | U26: 1990 | V26: 021530 | W26: no
A27: ATN | B27: 1987 | C27: 025552 | D27: 5000 | F27: =+B27 -> 1987 | G27: Yes | H27: =A27 -> ATN | U27: 1990 | V27: 021531 | W27: yes
A28: ATN | B28: 1988 | C28: 025956 | D28: 5000 | F28: =+B28 -> 1988 | G28: Yes | H28: =A28 -> ATN | U28: 1991 | V28: 180342 | W28: no
A29: ATN | B29: 1988 | C29: 025957 | D29: 5000 | F29: =+B29 -> 1988 | G29: Yes | H29: =A29 -> ATN | U29: 1991 | V29: 180343 | W29: yes
A30: ATN | B30: 1988 | C30: 025958 | D30: 5000 | F30: =+B30 -> 1988 | G30: Yes | H30: =A30 -> ATN | U30: 1992 | V30: 180854 | W30: yes
A31: ATN | B31: 1988 | C31: 025959 | D31: 5000 | F31: =+B31 -> 1988 | G31: Yes | H31: =A31 -> ATN | U31: 1993 | V31: 181440 | W31: yes
A32: ATN | B32: 1988 | C32: 025960 | D32: 5000 | F32: =+B32 -> 1988 | G32: Yes | H32: =A32 -> ATN | U32: 1994 | V32: 181640 | W32: yes
A33: ATN | B33: 1988 | C33: 025961 | D33: 5000 | F33: =+B33 -> 1988 | G33: Yes | H33: =A33 -> ATN | U33: 1995 | V33: 182461 | W33: yes
A34: ATN | B34: 1989 | C34: 020246 | D34: 5000 | F34: =+B34 -> 1989 | G34: Yes | H34: =A34 -> ATN | U34: 1996 | V34: 182501 | W34: yes
A35: ATN | B35: 1989 | C35: 020247 | D35: 5000 | F35: =+B35 -> 1989 | G35: Yes | H35: =A35 -> ATN | U35: 1997 | V35: 184215 | W35: yes
A36: ATN | B36: 1989 | C36: 020248 | D36: 5000 | F36: =+B36 -> 1989 | G36: Yes | H36: =A36 -> ATN | U36: 1998 | V36: 183150 | W36: yes
A37: ATN | B37: 1989 | C37: 020249 | D37: 5000 | F37: =+B37 -> 1989 | G37: Yes | H37: =A37 -> ATN | U37: 1998 | V37: 183151 | W37: yes
... A47: ATN | B47: 1991 | C47: 180826 | D47: 5000 | F47: =+B47 -> 1991 | G47: Yes | H47: =A47 -> ATN | U47: 2001 | V47: 184706 | W47: yes
A48: ATN | B48: 1991 | C48: 180827 | D48: 5000 | F48: =+B48 -> 1991 | G48: Yes | H48: =A48 -> ATN
A49: ATN | B49: 1992 | C49: 181222 | D49: 5000 | F49: =+B49 -> 1992 | G49: Yes | H49: =A49 -> ATN
A50: ATN | B50: 1992 | C50: 181223 | D50: 5000 | F50: =+B50 -> 1992 | G50: Yes | H50: =A50 -> ATN
A51: ATN | B51: 1992 | C51: 181224 | D51: 5000 | F51: =+B51 -> 1992 | G51: Yes | H51: =A51 -> ATN
A52: ATN | B52: 1993 | C52: 181236 | D52: 5000 | F52: =+B52 -> 1993 | G52: Yes | H52: =A52 -> ATN
A53: ATN | B53: 1993 | C53: 181237 | D53: 5000 | F53: =+B53 -> 1993 | G53: Yes | H53: =A53 -> ATN
A54: ATN | B54: 1994 | C54: 181229 | D54: 5000 | F54: =+B54 -> 1994 | G54: Yes | H54: =A54 -> ATN
A55: ATN | B55: 1994 | C55: 181230 | D55: 5000 | F55: =+B55 -> 1994 | G55: Yes | H55: =A55 -> ATN
A56: ATN | B56: 1995 | C56: 183147 | D56: 5000 | F56: =+B56 -> 1995 | G56: Yes | H56: =A56 -> ATN
A57: ATN | B57: 1995 | C57: 183148 | D57: 5000 | F57: =+B57 -> 1995 | G57: Yes | H57: =A57 -> ATN
A58: ATN | B58: 1996 | C58: 182528 | D58: 5000 | F58: =+B58 -> 1996 | G58: Yes | H58: =A58 -> ATN
A59: ATN | B59: 1996 | C59: 182529 | D59: 5000 | F59: =+B59 -> 1996 | G59: Yes | H59: =A59 -> ATN
... A159: ATN | B159: 2011 | C159: 182294 | D159: 5000 | F159: =+B159 -> 2011 | G159: Yes | H159: =A159 -> ATN
A160: ATN | B160: 2012 | C160: 181990 | D160: 5000 | F160: =+B160 -> 2012 | G160: Yes | H160: =A160 -> ATN
A161: ATN | B161: 2012 | C161: 181991 | D161: 5000 | F161: =+B161 -> 2012 | G161: Yes | H161: =A161 -> ATN
A162: ATN | B162: 2012 | C162: 181992 | D162: 5000 | F162: =+B162 -> 2012 | G162: Yes | H162: =A162 -> ATN
A163: ATN | B163: 2012 | C163: 181993 | D163: 5000 | F163: =+B163 -> 2012 | G163: Yes | H163: =A163 -> ATN
A164: ATN | B164: 2012 | C164: 181994 | D164: 5000 | F164: =+B164 -> 2012 | G164: Yes | H164: =A164 -> ATN
A165: ATN | B165: 2012 | C165: 181995 | D165: 5000 | F165: =+B165 -> 2012 | G165: Yes | H165: =A165 -> ATN
A166: ATN | B166: 2012 | C166: 181998 | D166: 5000 | F166: =+B166 -> 2012 | G166: Yes | H166: =A166 -> ATN
A167: ATN | B167: 2012 | C167: 181999 | D167: 5000 | F167: =+B167 -> 2012 | G167: Yes | H167: =A167 -> ATN
A168: ATN | B168: 2012 | C168: 182064 | D168: 5000 | F168: =+B168 -> 2012 | G168: Yes | H168: =A168 -> ATN
A169: ATN | B169: 2012 | C169: 182065 | D169: 5000 | F169: =+B169 -> 2012 | G169: Yes | H169: =A169 -> ATN
A170: ATN | B170: 2012 | C170: 182369 | D170: 5000 | F170: =+B170 -> 2012 | G170: Yes | H170: =A170 -> ATN
A171: ATN | B171: 2012 | C171: 182370 | D171: 5000 | F171: =+B171 -> 2012 | G171: Yes | H171: =A171 -> ATN
A172: ATN | B172: 2012 | C172: 182371 | D172: 5000 | F172: =+B172 -> 2012 | G172: Yes | H172: =A172 -> ATN
... A175: ATN | B175: 2012 | C175: 182374 | D175: 5000 | F175: =+B175 -> 2012 | G175: Yes | H175: =A175 -> ATN
A176: ATN | B176: 2013 | C176: 182675 | D176: 5000 | F176: =+B176 -> 2013 | G176: Yes | H176: =A176 -> ATN
A177: ATN | B177: 2013 | C177: 182676 | D177: 5000 | F177: =+B177 -> 2013 | G177: Yes | H177: =A177 -> ATN
A178: ATN | B178: 2013 | C178: 182677 | D178: 5000 | F178: =+B178 -> 2013 | G178: Yes | H178: =A178 -> ATN
A179: ATN | B179: 2013 | C179: 182678 | D179: 5000 | F179: =+B179 -> 2013 | G179: Yes | H179: =A179 -> ATN
A180: ATN | B180: 2013 | C180: 182679 | D180: 5000 | F180: =+B180 -> 2013 | G180: Yes | H180: =A180 -> ATN
A181: ATN | B181: 2013 | C181: 182680 | D181: 5000 | F181: =+B181 -> 2013 | G181: Yes | H181: =A181 -> ATN
A182: ATN | B182: 2013 | C182: 182966 | D182: 5000 | F182: =+B182 -> 2013 | G182: Yes | H182: =A182 -> ATN
A183: ATN | B183: 2013 | C183: 182967 | D183: 5000 | F183: =+B183 -> 2013 | G183: Yes | H183: =A183 -> ATN
A184: ATN | B184: 2013 | C184: 182968 | D184: 5000 | F184: =+B184 -> 2013 | G184: Yes | H184: =A184 -> ATN
A185: ATN | B185: 2013 | C185: 182969 | D185: 5000 | F185: =+B185 -> 2013 | G185: Yes | H185: =A185 -> ATN
A186: ATN | B186: 2013 | C186: 183181 | D186: 5000 | F186: =+B186 -> 2013 | G186: Yes | H186: =A186 -> ATN
A187: ATN | B187: 2014 | C187: 183399 | D187: 5000 | F187: =+B187 -> 2014 | G187: Yes | H187: =A187 -> ATN
... A224: ATN | B224: 2016 | C224: 184291 | D224: 5000 | F224: =+B224 -> 2016 | G224: Yes | H224: =A224 -> ATN
A225: ATN | B225: 2017 | C225: 186221 | D225: 5000 | F225: =+B225 -> 2017 | G225: Yes | H225: =A225 -> ATN
A226: ATN | B226: 2017 | C226: 185764 | D226: 5000 | F226: =+B226 -> 2017 | G226: Yes | H226: =A226 -> ATN
A227: ATN | B227: 2017 | C227: 185765 | D227: 5000 | F227: =+B227 -> 2017 | G227: Yes | H227: =A227 -> ATN
A228: ATN | B228: 2017 | C228: 185766 | D228: 5000 | F228: =+B228 -> 2017 | G228: Yes | H228: =A228 -> ATN
A229: ATN | B229: 2017 | C229: 186222 | D229: 5000 | F229: =+B229 -> 2017 | G229: Yes | H229: =A229 -> ATN
A230: ATN | B230: 2017 | C230: 185171 | D230: 5000 | F230: =+B230 -> 2017 | G230: Yes | H230: =A230 -> ATN
A231: ATN | B231: 2017 | C231: 184279 | D231: 5000 | F231: =+B231 -> 2017 | G231: Yes | H231: =A231 -> ATN
A232: ATN | B232: 2017 | C232: 185168 | D232: 5000 | F232: =+B232 -> 2017 | G232: Yes | H232: =A232 -> ATN
A233: ATN | B233: 2017 | C233: 185169 | D233: 5000 | F233: =+B233 -> 2017 | G233: Yes | H233: =A233 -> ATN
A234: ATN | B234: 2017 | C234: 185170 | D234: 5000 | F234: =+B234 -> 2017 | G234: Yes | H234: =A234 -> ATN
A235: ATN | B235: 2018 | C235: 181682 | D235: 5000 | F235: =+B235 -> 2018 | G235: Yes | H235: =A235 -> ATN
A236: ATN | B236: 2018 | C236: 182196 | D236: 5000 | F236: =+B236 -> 2018 | G236: Yes | H236: =A236 -> ATN
... A635: CHI | B635: 2012 | C635: 181972 | D635: 5000 | F635: =+B635 -> 2012 | G635: Yes | H635: =A635 -> CHI
A636: CHI | B636: 2013 | C636: 182971 | D636: 5000 | F636: =+B636 -> 2013 | G636: Yes | H636: =A636 -> CHI
A637: CHI | B637: 2013 | C637: 182973 | D637: 5000 | F637: =+B637 -> 2013 | G637: Yes | H637: =A637 -> CHI
A638: CHI | B638: 2013 | C638: 183270 | D638: 5000 | F638: =+B638 -> 2013 | G638: Yes | H638: =A638 -> CHI
A639: CHI | B639: 2013 | C639: 183272 | D639: 5000 | F639: =+B639 -> 2013 | G639: Yes | H639: =A639 -> CHI
A640: CHI | B640: 2014 | C640: 183897 | D640: 5000 | F640: =+B640 -> 2014 | G640: Yes | H640: =A640 -> CHI
A641: CHI | B641: 2014 | C641: 183898 | D641: 5000 | F641: =+B641 -> 2014 | G641: Yes | H641: =A641 -> CHI
A642: CHI | B642: 2014 | C642: 183864 | D642: 5000 | F642: =+B642 -> 2014 | G642: Yes | H642: =A642 -> CHI
A643: CHI | B643: 2014 | C643: 183865 | D643: 5000 | F643: =+B643 -> 2014 | G643: Yes | H643: =A643 -> CHI
A644: CHI | B644: 2015 | C644: 183469 | D644: 5000 | F644: =+B644 -> 2015 | G644: Yes | H644: =A644 -> CHI
A645: CHI | B645: 2015 | C645: 183470 | D645: 5000 | F645: =+B645 -> 2015 | G645: Yes | H645: =A645 -> CHI
...
